model,optimal_p,affordable_payoff,answer
anthropic/claude-4.5-sonnet,1,0.1,1
anthropic/claude-4.5-sonnet,1,0.1,1
anthropic/claude-4.5-sonnet,1,0.1,0
anthropic/claude-4.5-sonnet,1,0.1,1
anthropic/claude-4.5-sonnet,1,0.1,1
anthropic/claude-4.5-sonnet,1,0.1,1
anthropic/claude-4.5-sonnet,1,0.1,1
anthropic/claude-4.5-sonnet,1,0.1,1
anthropic/claude-4.5-sonnet,1,0.1,1
anthropic/claude-4.5-sonnet,1,0.1,1
anthropic/claude-4.5-sonnet,1,0.1,1
anthropic/claude-4.5-sonnet,1,0.1,1
anthropic/claude-4.5-sonnet,1,0.1,1
anthropic/claude-4.5-sonnet,1,0.1,1
anthropic/claude-4.5-sonnet,1,0.1,0
anthropic/claude-4.5-sonnet,1,0.1,1
anthropic/claude-4.5-sonnet,1,0.1,1
anthropic/claude-4.5-sonnet,1,0.1,1
anthropic/claude-4.5-sonnet,1,0.1,1
anthropic/claude-4.5-sonnet,1,0.1,0
anthropic/claude-4.5-sonnet,1,0.1,0
anthropic/claude-4.5-sonnet,1,0.1,1
anthropic/claude-4.5-sonnet,1,0.1,1
anthropic/claude-4.5-sonnet,1,0.1,1
anthropic/claude-4.5-sonnet,1,0.1,1
anthropic/claude-4.5-sonnet,1,0.1,1
anthropic/claude-4.5-sonnet,1,0.1,1
anthropic/claude-4.5-sonnet,1,0.1,0
anthropic/claude-4.5-sonnet,1,0.1,1
anthropic/claude-4.5-sonnet,1,0.1,1
anthropic/claude-4.5-sonnet,1,0.1,1
anthropic/claude-4.5-sonnet,1,0.1,1
anthropic/claude-4.5-sonnet,1,0.1,1
anthropic/claude-4.5-sonnet,1,0.1,1
anthropic/claude-4.5-sonnet,1,0.1,1
anthropic/claude-4.5-sonnet,1,0.1,1
anthropic/claude-4.5-sonnet,1,0.1,1
anthropic/claude-4.5-sonnet,1,0.1,1
anthropic/claude-4.5-sonnet,1,0.1,1
anthropic/claude-4.5-sonnet,1,0.1,1
anthropic/claude-4.5-sonnet,1,0.1,1
anthropic/claude-4.5-sonnet,1,0.1,1
anthropic/claude-4.5-sonnet,1,0.1,1
anthropic/claude-4.5-sonnet,1,0.1,1
anthropic/claude-4.5-sonnet,1,0.1,0
anthropic/claude-4.5-sonnet,1,0.1,0
anthropic/claude-4.5-sonnet,1,0.1,1
anthropic/claude-4.5-sonnet,1,0.1,1
anthropic/claude-4.5-sonnet,1,0.1,0
anthropic/claude-4.5-sonnet,1,0.1,1
anthropic/claude-4.5-sonnet,1,0.1,1
anthropic/claude-4.5-sonnet,1,0.1,1
anthropic/claude-4.5-sonnet,1,0.1,0
anthropic/claude-4.5-sonnet,1,0.1,1
anthropic/claude-4.5-sonnet,1,0.1,1
anthropic/claude-4.5-sonnet,1,0.1,1
anthropic/claude-4.5-sonnet,1,0.1,0
anthropic/claude-4.5-sonnet,1,0.1,1
anthropic/claude-4.5-sonnet,1,0.1,1
anthropic/claude-4.5-sonnet,1,0.1,0
anthropic/claude-4.5-sonnet,1,0.1,1
anthropic/claude-4.5-sonnet,1,0.1,1
anthropic/claude-4.5-sonnet,1,0.1,1
anthropic/claude-4.5-sonnet,1,0.1,0
anthropic/claude-4.5-sonnet,1,0.1,1
anthropic/claude-4.5-sonnet,1,0.1,1
anthropic/claude-4.5-sonnet,1,0.1,0
anthropic/claude-4.5-sonnet,1,0.1,1
anthropic/claude-4.5-sonnet,1,0.1,1
anthropic/claude-4.5-sonnet,1,0.1,1
anthropic/claude-4.5-sonnet,1,0.1,1
anthropic/claude-4.5-sonnet,1,0.1,1
anthropic/claude-4.5-sonnet,1,0.1,1
anthropic/claude-4.5-sonnet,1,0.1,1
anthropic/claude-4.5-sonnet,1,0.1,1
anthropic/claude-4.5-sonnet,1,0.1,1
anthropic/claude-4.5-sonnet,1,0.1,1
anthropic/claude-4.5-sonnet,1,0.1,1
anthropic/claude-4.5-sonnet,1,0.1,1
anthropic/claude-4.5-sonnet,1,0.1,0
anthropic/claude-4.5-sonnet,1,0.1,1
anthropic/claude-4.5-sonnet,1,0.1,1
anthropic/claude-4.5-sonnet,1,0.1,1
anthropic/claude-4.5-sonnet,1,0.1,1
anthropic/claude-4.5-sonnet,1,0.1,1
anthropic/claude-4.5-sonnet,1,0.1,1
anthropic/claude-4.5-sonnet,1,0.1,1
anthropic/claude-4.5-sonnet,1,0.1,1
anthropic/claude-4.5-sonnet,1,0.1,1
anthropic/claude-4.5-sonnet,1,0.1,1
anthropic/claude-4.5-sonnet,1,0.1,1
anthropic/claude-4.5-sonnet,1,0.1,1
anthropic/claude-4.5-sonnet,1,0.1,1
anthropic/claude-4.5-sonnet,1,0.1,1
anthropic/claude-4.5-sonnet,1,0.1,1
anthropic/claude-4.5-sonnet,1,0.1,1
anthropic/claude-4.5-sonnet,1,0.1,0
anthropic/claude-4.5-sonnet,1,0.1,1
anthropic/claude-4.5-sonnet,1,0.1,1
anthropic/claude-4.5-sonnet,1,0.1,1
anthropic/claude-4.5-sonnet,99,990.0,1
anthropic/claude-4.5-sonnet,99,990.0,1
anthropic/claude-4.5-sonnet,99,990.0,0
anthropic/claude-4.5-sonnet,99,990.0,0
anthropic/claude-4.5-sonnet,99,990.0,1
anthropic/claude-4.5-sonnet,99,990.0,0
anthropic/claude-4.5-sonnet,99,990.0,0
anthropic/claude-4.5-sonnet,99,990.0,0
anthropic/claude-4.5-sonnet,99,990.0,0
anthropic/claude-4.5-sonnet,99,990.0,0
anthropic/claude-4.5-sonnet,99,990.0,0
anthropic/claude-4.5-sonnet,99,990.0,0
anthropic/claude-4.5-sonnet,99,990.0,1
anthropic/claude-4.5-sonnet,99,990.0,1
anthropic/claude-4.5-sonnet,99,990.0,1
anthropic/claude-4.5-sonnet,99,990.0,0
anthropic/claude-4.5-sonnet,99,990.0,0
anthropic/claude-4.5-sonnet,99,990.0,0
anthropic/claude-4.5-sonnet,99,990.0,0
anthropic/claude-4.5-sonnet,99,990.0,1
anthropic/claude-4.5-sonnet,99,990.0,1
anthropic/claude-4.5-sonnet,99,990.0,0
anthropic/claude-4.5-sonnet,99,990.0,0
anthropic/claude-4.5-sonnet,99,990.0,0
anthropic/claude-4.5-sonnet,99,990.0,1
anthropic/claude-4.5-sonnet,99,990.0,1
anthropic/claude-4.5-sonnet,99,990.0,1
anthropic/claude-4.5-sonnet,99,990.0,1
anthropic/claude-4.5-sonnet,99,990.0,0
anthropic/claude-4.5-sonnet,99,990.0,1
anthropic/claude-4.5-sonnet,99,990.0,1
anthropic/claude-4.5-sonnet,99,990.0,1
anthropic/claude-4.5-sonnet,99,990.0,1
anthropic/claude-4.5-sonnet,99,990.0,0
anthropic/claude-4.5-sonnet,99,990.0,1
anthropic/claude-4.5-sonnet,99,990.0,0
anthropic/claude-4.5-sonnet,99,990.0,0
anthropic/claude-4.5-sonnet,99,990.0,0
anthropic/claude-4.5-sonnet,99,990.0,1
anthropic/claude-4.5-sonnet,99,990.0,1
anthropic/claude-4.5-sonnet,99,990.0,0
anthropic/claude-4.5-sonnet,99,990.0,0
anthropic/claude-4.5-sonnet,99,990.0,1
anthropic/claude-4.5-sonnet,99,990.0,1
anthropic/claude-4.5-sonnet,99,990.0,0
anthropic/claude-4.5-sonnet,99,990.0,1
anthropic/claude-4.5-sonnet,99,990.0,0
anthropic/claude-4.5-sonnet,99,990.0,1
anthropic/claude-4.5-sonnet,99,990.0,1
anthropic/claude-4.5-sonnet,99,990.0,0
anthropic/claude-4.5-sonnet,99,990.0,1
anthropic/claude-4.5-sonnet,99,990.0,1
anthropic/claude-4.5-sonnet,99,990.0,1
anthropic/claude-4.5-sonnet,99,990.0,0
anthropic/claude-4.5-sonnet,99,990.0,0
anthropic/claude-4.5-sonnet,99,990.0,1
anthropic/claude-4.5-sonnet,99,990.0,1
anthropic/claude-4.5-sonnet,99,990.0,0
anthropic/claude-4.5-sonnet,99,990.0,0
anthropic/claude-4.5-sonnet,99,990.0,1
anthropic/claude-4.5-sonnet,99,990.0,1
anthropic/claude-4.5-sonnet,99,990.0,0
anthropic/claude-4.5-sonnet,99,990.0,1
anthropic/claude-4.5-sonnet,99,990.0,0
anthropic/claude-4.5-sonnet,99,990.0,0
anthropic/claude-4.5-sonnet,99,990.0,1
anthropic/claude-4.5-sonnet,99,990.0,0
anthropic/claude-4.5-sonnet,99,990.0,0
anthropic/claude-4.5-sonnet,99,990.0,1
anthropic/claude-4.5-sonnet,99,990.0,1
anthropic/claude-4.5-sonnet,99,990.0,1
anthropic/claude-4.5-sonnet,99,990.0,1
anthropic/claude-4.5-sonnet,99,990.0,0
anthropic/claude-4.5-sonnet,99,990.0,0
anthropic/claude-4.5-sonnet,99,990.0,0
anthropic/claude-4.5-sonnet,99,990.0,1
anthropic/claude-4.5-sonnet,99,990.0,0
anthropic/claude-4.5-sonnet,99,990.0,0
anthropic/claude-4.5-sonnet,99,990.0,1
anthropic/claude-4.5-sonnet,99,990.0,0
anthropic/claude-4.5-sonnet,99,990.0,0
anthropic/claude-4.5-sonnet,99,990.0,1
anthropic/claude-4.5-sonnet,99,990.0,1
anthropic/claude-4.5-sonnet,99,990.0,1
anthropic/claude-4.5-sonnet,99,990.0,0
anthropic/claude-4.5-sonnet,99,990.0,1
anthropic/claude-4.5-sonnet,99,990.0,0
anthropic/claude-4.5-sonnet,99,990.0,1
anthropic/claude-4.5-sonnet,99,990.0,0
anthropic/claude-4.5-sonnet,99,990.0,0
anthropic/claude-4.5-sonnet,99,990.0,0
anthropic/claude-4.5-sonnet,99,990.0,0
anthropic/claude-4.5-sonnet,99,990.0,0
anthropic/claude-4.5-sonnet,99,990.0,0
anthropic/claude-4.5-sonnet,99,990.0,1
anthropic/claude-4.5-sonnet,99,990.0,1
anthropic/claude-4.5-sonnet,99,990.0,0
anthropic/claude-4.5-sonnet,99,990.0,1
anthropic/claude-4.5-sonnet,99,990.0,0
anthropic/claude-4.5-sonnet,99,990.0,1
anthropic/claude-4.5-sonnet,20,2.5,0
anthropic/claude-4.5-sonnet,20,2.5,1
anthropic/claude-4.5-sonnet,20,2.5,1
anthropic/claude-4.5-sonnet,20,2.5,0
anthropic/claude-4.5-sonnet,20,2.5,1
anthropic/claude-4.5-sonnet,20,2.5,0
anthropic/claude-4.5-sonnet,20,2.5,1
anthropic/claude-4.5-sonnet,20,2.5,0
anthropic/claude-4.5-sonnet,20,2.5,1
anthropic/claude-4.5-sonnet,20,2.5,1
anthropic/claude-4.5-sonnet,20,2.5,1
anthropic/claude-4.5-sonnet,20,2.5,0
anthropic/claude-4.5-sonnet,20,2.5,1
anthropic/claude-4.5-sonnet,20,2.5,0
anthropic/claude-4.5-sonnet,20,2.5,1
anthropic/claude-4.5-sonnet,20,2.5,1
anthropic/claude-4.5-sonnet,20,2.5,1
anthropic/claude-4.5-sonnet,20,2.5,1
anthropic/claude-4.5-sonnet,20,2.5,1
anthropic/claude-4.5-sonnet,20,2.5,1
anthropic/claude-4.5-sonnet,20,2.5,1
anthropic/claude-4.5-sonnet,20,2.5,1
anthropic/claude-4.5-sonnet,20,2.5,0
anthropic/claude-4.5-sonnet,20,2.5,1
anthropic/claude-4.5-sonnet,20,2.5,1
anthropic/claude-4.5-sonnet,20,2.5,1
anthropic/claude-4.5-sonnet,20,2.5,1
anthropic/claude-4.5-sonnet,20,2.5,0
anthropic/claude-4.5-sonnet,20,2.5,1
anthropic/claude-4.5-sonnet,20,2.5,1
anthropic/claude-4.5-sonnet,20,2.5,1
anthropic/claude-4.5-sonnet,20,2.5,1
anthropic/claude-4.5-sonnet,20,2.5,1
anthropic/claude-4.5-sonnet,20,2.5,0
anthropic/claude-4.5-sonnet,20,2.5,0
anthropic/claude-4.5-sonnet,20,2.5,0
anthropic/claude-4.5-sonnet,20,2.5,1
anthropic/claude-4.5-sonnet,20,2.5,0
anthropic/claude-4.5-sonnet,20,2.5,0
anthropic/claude-4.5-sonnet,20,2.5,1
anthropic/claude-4.5-sonnet,20,2.5,1
anthropic/claude-4.5-sonnet,20,2.5,0
anthropic/claude-4.5-sonnet,20,2.5,0
anthropic/claude-4.5-sonnet,20,2.5,1
anthropic/claude-4.5-sonnet,20,2.5,0
anthropic/claude-4.5-sonnet,20,2.5,1
anthropic/claude-4.5-sonnet,20,2.5,0
anthropic/claude-4.5-sonnet,20,2.5,1
anthropic/claude-4.5-sonnet,20,2.5,1
anthropic/claude-4.5-sonnet,20,2.5,1
anthropic/claude-4.5-sonnet,20,2.5,0
anthropic/claude-4.5-sonnet,20,2.5,0
anthropic/claude-4.5-sonnet,20,2.5,0
anthropic/claude-4.5-sonnet,20,2.5,1
anthropic/claude-4.5-sonnet,20,2.5,1
anthropic/claude-4.5-sonnet,20,2.5,1
anthropic/claude-4.5-sonnet,20,2.5,1
anthropic/claude-4.5-sonnet,20,2.5,0
anthropic/claude-4.5-sonnet,20,2.5,1
anthropic/claude-4.5-sonnet,20,2.5,1
anthropic/claude-4.5-sonnet,20,2.5,0
anthropic/claude-4.5-sonnet,20,2.5,1
anthropic/claude-4.5-sonnet,20,2.5,1
anthropic/claude-4.5-sonnet,20,2.5,0
anthropic/claude-4.5-sonnet,20,2.5,1
anthropic/claude-4.5-sonnet,20,2.5,1
anthropic/claude-4.5-sonnet,20,2.5,1
anthropic/claude-4.5-sonnet,20,2.5,1
anthropic/claude-4.5-sonnet,20,2.5,1
anthropic/claude-4.5-sonnet,20,2.5,1
anthropic/claude-4.5-sonnet,20,2.5,0
anthropic/claude-4.5-sonnet,20,2.5,1
anthropic/claude-4.5-sonnet,20,2.5,1
anthropic/claude-4.5-sonnet,20,2.5,1
anthropic/claude-4.5-sonnet,20,2.5,0
anthropic/claude-4.5-sonnet,20,2.5,1
anthropic/claude-4.5-sonnet,20,2.5,1
anthropic/claude-4.5-sonnet,20,2.5,1
anthropic/claude-4.5-sonnet,20,2.5,0
anthropic/claude-4.5-sonnet,20,2.5,1
anthropic/claude-4.5-sonnet,20,2.5,0
anthropic/claude-4.5-sonnet,20,2.5,0
anthropic/claude-4.5-sonnet,20,2.5,1
anthropic/claude-4.5-sonnet,20,2.5,0
anthropic/claude-4.5-sonnet,20,2.5,1
anthropic/claude-4.5-sonnet,20,2.5,1
anthropic/claude-4.5-sonnet,20,2.5,1
anthropic/claude-4.5-sonnet,20,2.5,1
anthropic/claude-4.5-sonnet,20,2.5,1
anthropic/claude-4.5-sonnet,20,2.5,1
anthropic/claude-4.5-sonnet,20,2.5,1
anthropic/claude-4.5-sonnet,20,2.5,0
anthropic/claude-4.5-sonnet,20,2.5,1
anthropic/claude-4.5-sonnet,20,2.5,1
anthropic/claude-4.5-sonnet,20,2.5,1
anthropic/claude-4.5-sonnet,20,2.5,0
anthropic/claude-4.5-sonnet,20,2.5,1
anthropic/claude-4.5-sonnet,20,2.5,1
anthropic/claude-4.5-sonnet,20,2.5,1
anthropic/claude-4.5-sonnet,20,2.5,1
anthropic/claude-4.5-sonnet,30,4.29,1
anthropic/claude-4.5-sonnet,30,4.29,0
anthropic/claude-4.5-sonnet,30,4.29,0
anthropic/claude-4.5-sonnet,30,4.29,1
anthropic/claude-4.5-sonnet,30,4.29,1
anthropic/claude-4.5-sonnet,30,4.29,1
anthropic/claude-4.5-sonnet,30,4.29,1
anthropic/claude-4.5-sonnet,30,4.29,1
anthropic/claude-4.5-sonnet,30,4.29,0
anthropic/claude-4.5-sonnet,30,4.29,1
anthropic/claude-4.5-sonnet,30,4.29,1
anthropic/claude-4.5-sonnet,30,4.29,1
anthropic/claude-4.5-sonnet,30,4.29,1
anthropic/claude-4.5-sonnet,30,4.29,1
anthropic/claude-4.5-sonnet,30,4.29,1
anthropic/claude-4.5-sonnet,30,4.29,0
anthropic/claude-4.5-sonnet,30,4.29,0
anthropic/claude-4.5-sonnet,30,4.29,0
anthropic/claude-4.5-sonnet,30,4.29,1
anthropic/claude-4.5-sonnet,30,4.29,1
anthropic/claude-4.5-sonnet,30,4.29,0
anthropic/claude-4.5-sonnet,30,4.29,0
anthropic/claude-4.5-sonnet,30,4.29,0
anthropic/claude-4.5-sonnet,30,4.29,1
anthropic/claude-4.5-sonnet,30,4.29,0
anthropic/claude-4.5-sonnet,30,4.29,0
anthropic/claude-4.5-sonnet,30,4.29,0
anthropic/claude-4.5-sonnet,30,4.29,1
anthropic/claude-4.5-sonnet,30,4.29,1
anthropic/claude-4.5-sonnet,30,4.29,0
anthropic/claude-4.5-sonnet,30,4.29,1
anthropic/claude-4.5-sonnet,30,4.29,0
anthropic/claude-4.5-sonnet,30,4.29,1
anthropic/claude-4.5-sonnet,30,4.29,1
anthropic/claude-4.5-sonnet,30,4.29,1
anthropic/claude-4.5-sonnet,30,4.29,0
anthropic/claude-4.5-sonnet,30,4.29,0
anthropic/claude-4.5-sonnet,30,4.29,0
anthropic/claude-4.5-sonnet,30,4.29,0
anthropic/claude-4.5-sonnet,30,4.29,1
anthropic/claude-4.5-sonnet,30,4.29,1
anthropic/claude-4.5-sonnet,30,4.29,1
anthropic/claude-4.5-sonnet,30,4.29,1
anthropic/claude-4.5-sonnet,30,4.29,0
anthropic/claude-4.5-sonnet,30,4.29,0
anthropic/claude-4.5-sonnet,30,4.29,0
anthropic/claude-4.5-sonnet,30,4.29,1
anthropic/claude-4.5-sonnet,30,4.29,1
anthropic/claude-4.5-sonnet,30,4.29,1
anthropic/claude-4.5-sonnet,30,4.29,0
anthropic/claude-4.5-sonnet,30,4.29,0
anthropic/claude-4.5-sonnet,30,4.29,1
anthropic/claude-4.5-sonnet,30,4.29,0
anthropic/claude-4.5-sonnet,30,4.29,0
anthropic/claude-4.5-sonnet,30,4.29,0
anthropic/claude-4.5-sonnet,30,4.29,0
anthropic/claude-4.5-sonnet,30,4.29,0
anthropic/claude-4.5-sonnet,30,4.29,0
anthropic/claude-4.5-sonnet,30,4.29,1
anthropic/claude-4.5-sonnet,30,4.29,0
anthropic/claude-4.5-sonnet,30,4.29,1
anthropic/claude-4.5-sonnet,30,4.29,1
anthropic/claude-4.5-sonnet,30,4.29,0
anthropic/claude-4.5-sonnet,30,4.29,1
anthropic/claude-4.5-sonnet,30,4.29,0
anthropic/claude-4.5-sonnet,30,4.29,1
anthropic/claude-4.5-sonnet,30,4.29,0
anthropic/claude-4.5-sonnet,30,4.29,0
anthropic/claude-4.5-sonnet,30,4.29,1
anthropic/claude-4.5-sonnet,30,4.29,1
anthropic/claude-4.5-sonnet,30,4.29,0
anthropic/claude-4.5-sonnet,30,4.29,0
anthropic/claude-4.5-sonnet,30,4.29,1
anthropic/claude-4.5-sonnet,30,4.29,1
anthropic/claude-4.5-sonnet,30,4.29,1
anthropic/claude-4.5-sonnet,30,4.29,1
anthropic/claude-4.5-sonnet,30,4.29,0
anthropic/claude-4.5-sonnet,30,4.29,0
anthropic/claude-4.5-sonnet,30,4.29,1
anthropic/claude-4.5-sonnet,30,4.29,1
anthropic/claude-4.5-sonnet,30,4.29,1
anthropic/claude-4.5-sonnet,30,4.29,1
anthropic/claude-4.5-sonnet,30,4.29,1
anthropic/claude-4.5-sonnet,30,4.29,1
anthropic/claude-4.5-sonnet,30,4.29,1
anthropic/claude-4.5-sonnet,30,4.29,1
anthropic/claude-4.5-sonnet,30,4.29,0
anthropic/claude-4.5-sonnet,30,4.29,1
anthropic/claude-4.5-sonnet,30,4.29,0
anthropic/claude-4.5-sonnet,30,4.29,0
anthropic/claude-4.5-sonnet,30,4.29,0
anthropic/claude-4.5-sonnet,30,4.29,1
anthropic/claude-4.5-sonnet,30,4.29,1
anthropic/claude-4.5-sonnet,30,4.29,1
anthropic/claude-4.5-sonnet,30,4.29,0
anthropic/claude-4.5-sonnet,30,4.29,1
anthropic/claude-4.5-sonnet,30,4.29,0
anthropic/claude-4.5-sonnet,30,4.29,1
anthropic/claude-4.5-sonnet,30,4.29,1
anthropic/claude-4.5-sonnet,30,4.29,0
openai/gpt-5,1,0.1,1
openai/gpt-5,1,0.1,1
openai/gpt-5,1,0.1,1
openai/gpt-5,1,0.1,1
openai/gpt-5,1,0.1,1
openai/gpt-5,1,0.1,1
openai/gpt-5,1,0.1,1
openai/gpt-5,1,0.1,1
openai/gpt-5,1,0.1,1
openai/gpt-5,1,0.1,1
openai/gpt-5,1,0.1,0
openai/gpt-5,1,0.1,1
openai/gpt-5,1,0.1,1
openai/gpt-5,1,0.1,1
openai/gpt-5,1,0.1,1
openai/gpt-5,1,0.1,1
openai/gpt-5,1,0.1,1
openai/gpt-5,1,0.1,1
openai/gpt-5,1,0.1,1
openai/gpt-5,1,0.1,1
openai/gpt-5,1,0.1,1
openai/gpt-5,1,0.1,1
openai/gpt-5,1,0.1,0
openai/gpt-5,1,0.1,1
openai/gpt-5,1,0.1,1
openai/gpt-5,1,0.1,1
openai/gpt-5,1,0.1,1
openai/gpt-5,1,0.1,1
openai/gpt-5,1,0.1,1
openai/gpt-5,1,0.1,0
openai/gpt-5,1,0.1,1
openai/gpt-5,1,0.1,1
openai/gpt-5,1,0.1,1
openai/gpt-5,1,0.1,1
openai/gpt-5,1,0.1,1
openai/gpt-5,1,0.1,1
openai/gpt-5,1,0.1,1
openai/gpt-5,1,0.1,1
openai/gpt-5,1,0.1,1
openai/gpt-5,1,0.1,0
openai/gpt-5,1,0.1,0
openai/gpt-5,1,0.1,1
openai/gpt-5,1,0.1,1
openai/gpt-5,1,0.1,1
openai/gpt-5,1,0.1,1
openai/gpt-5,1,0.1,0
openai/gpt-5,1,0.1,1
openai/gpt-5,1,0.1,1
openai/gpt-5,1,0.1,1
openai/gpt-5,1,0.1,1
openai/gpt-5,1,0.1,1
openai/gpt-5,1,0.1,0
openai/gpt-5,1,0.1,1
openai/gpt-5,1,0.1,1
openai/gpt-5,1,0.1,1
openai/gpt-5,1,0.1,0
openai/gpt-5,1,0.1,0
openai/gpt-5,1,0.1,1
openai/gpt-5,1,0.1,1
openai/gpt-5,1,0.1,1
openai/gpt-5,1,0.1,0
openai/gpt-5,1,0.1,0
openai/gpt-5,1,0.1,0
openai/gpt-5,1,0.1,1
openai/gpt-5,1,0.1,1
openai/gpt-5,1,0.1,1
openai/gpt-5,1,0.1,0
openai/gpt-5,1,0.1,1
openai/gpt-5,1,0.1,1
openai/gpt-5,1,0.1,1
openai/gpt-5,1,0.1,0
openai/gpt-5,1,0.1,1
openai/gpt-5,1,0.1,1
openai/gpt-5,1,0.1,1
openai/gpt-5,1,0.1,1
openai/gpt-5,1,0.1,0
openai/gpt-5,1,0.1,1
openai/gpt-5,1,0.1,0
openai/gpt-5,1,0.1,1
openai/gpt-5,1,0.1,1
openai/gpt-5,1,0.1,1
openai/gpt-5,1,0.1,1
openai/gpt-5,1,0.1,1
openai/gpt-5,1,0.1,1
openai/gpt-5,1,0.1,1
openai/gpt-5,1,0.1,1
openai/gpt-5,1,0.1,1
openai/gpt-5,1,0.1,1
openai/gpt-5,1,0.1,1
openai/gpt-5,1,0.1,1
openai/gpt-5,1,0.1,0
openai/gpt-5,1,0.1,1
openai/gpt-5,1,0.1,0
openai/gpt-5,1,0.1,0
openai/gpt-5,1,0.1,1
openai/gpt-5,1,0.1,1
openai/gpt-5,1,0.1,1
openai/gpt-5,1,0.1,1
openai/gpt-5,1,0.1,1
openai/gpt-5,1,0.1,1
openai/gpt-5,99,990.0,0
openai/gpt-5,99,990.0,1
openai/gpt-5,99,990.0,1
openai/gpt-5,99,990.0,0
openai/gpt-5,99,990.0,0
openai/gpt-5,99,990.0,1
openai/gpt-5,99,990.0,0
openai/gpt-5,99,990.0,0
openai/gpt-5,99,990.0,0
openai/gpt-5,99,990.0,1
openai/gpt-5,99,990.0,1
openai/gpt-5,99,990.0,1
openai/gpt-5,99,990.0,0
openai/gpt-5,99,990.0,0
openai/gpt-5,99,990.0,0
openai/gpt-5,99,990.0,0
openai/gpt-5,99,990.0,0
openai/gpt-5,99,990.0,1
openai/gpt-5,99,990.0,0
openai/gpt-5,99,990.0,1
openai/gpt-5,99,990.0,0
openai/gpt-5,99,990.0,0
openai/gpt-5,99,990.0,0
openai/gpt-5,99,990.0,1
openai/gpt-5,99,990.0,0
openai/gpt-5,99,990.0,0
openai/gpt-5,99,990.0,0
openai/gpt-5,99,990.0,0
openai/gpt-5,99,990.0,1
openai/gpt-5,99,990.0,0
openai/gpt-5,99,990.0,0
openai/gpt-5,99,990.0,0
openai/gpt-5,99,990.0,0
openai/gpt-5,99,990.0,1
openai/gpt-5,99,990.0,0
openai/gpt-5,99,990.0,0
openai/gpt-5,99,990.0,0
openai/gpt-5,99,990.0,0
openai/gpt-5,99,990.0,0
openai/gpt-5,99,990.0,0
openai/gpt-5,99,990.0,1
openai/gpt-5,99,990.0,1
openai/gpt-5,99,990.0,0
openai/gpt-5,99,990.0,0
openai/gpt-5,99,990.0,1
openai/gpt-5,99,990.0,0
openai/gpt-5,99,990.0,0
openai/gpt-5,99,990.0,0
openai/gpt-5,99,990.0,1
openai/gpt-5,99,990.0,1
openai/gpt-5,99,990.0,0
openai/gpt-5,99,990.0,0
openai/gpt-5,99,990.0,0
openai/gpt-5,99,990.0,0
openai/gpt-5,99,990.0,0
openai/gpt-5,99,990.0,0
openai/gpt-5,99,990.0,1
openai/gpt-5,99,990.0,0
openai/gpt-5,99,990.0,1
openai/gpt-5,99,990.0,1
openai/gpt-5,99,990.0,1
openai/gpt-5,99,990.0,1
openai/gpt-5,99,990.0,0
openai/gpt-5,99,990.0,1
openai/gpt-5,99,990.0,0
openai/gpt-5,99,990.0,1
openai/gpt-5,99,990.0,1
openai/gpt-5,99,990.0,0
openai/gpt-5,99,990.0,0
openai/gpt-5,99,990.0,0
openai/gpt-5,99,990.0,0
openai/gpt-5,99,990.0,1
openai/gpt-5,99,990.0,0
openai/gpt-5,99,990.0,0
openai/gpt-5,99,990.0,0
openai/gpt-5,99,990.0,1
openai/gpt-5,99,990.0,0
openai/gpt-5,99,990.0,0
openai/gpt-5,99,990.0,1
openai/gpt-5,99,990.0,0
openai/gpt-5,99,990.0,1
openai/gpt-5,99,990.0,0
openai/gpt-5,99,990.0,0
openai/gpt-5,99,990.0,0
openai/gpt-5,99,990.0,1
openai/gpt-5,99,990.0,0
openai/gpt-5,99,990.0,0
openai/gpt-5,99,990.0,0
openai/gpt-5,99,990.0,1
openai/gpt-5,99,990.0,1
openai/gpt-5,99,990.0,0
openai/gpt-5,99,990.0,0
openai/gpt-5,99,990.0,0
openai/gpt-5,99,990.0,1
openai/gpt-5,99,990.0,0
openai/gpt-5,99,990.0,0
openai/gpt-5,99,990.0,0
openai/gpt-5,99,990.0,1
openai/gpt-5,99,990.0,0
openai/gpt-5,99,990.0,1
openai/gpt-5,20,2.5,1
openai/gpt-5,20,2.5,1
openai/gpt-5,20,2.5,1
openai/gpt-5,20,2.5,1
openai/gpt-5,20,2.5,0
openai/gpt-5,20,2.5,1
openai/gpt-5,20,2.5,1
openai/gpt-5,20,2.5,1
openai/gpt-5,20,2.5,1
openai/gpt-5,20,2.5,1
openai/gpt-5,20,2.5,1
openai/gpt-5,20,2.5,1
openai/gpt-5,20,2.5,1
openai/gpt-5,20,2.5,1
openai/gpt-5,20,2.5,1
openai/gpt-5,20,2.5,0
openai/gpt-5,20,2.5,1
openai/gpt-5,20,2.5,0
openai/gpt-5,20,2.5,1
openai/gpt-5,20,2.5,0
openai/gpt-5,20,2.5,0
openai/gpt-5,20,2.5,1
openai/gpt-5,20,2.5,1
openai/gpt-5,20,2.5,1
openai/gpt-5,20,2.5,1
openai/gpt-5,20,2.5,1
openai/gpt-5,20,2.5,0
openai/gpt-5,20,2.5,1
openai/gpt-5,20,2.5,1
openai/gpt-5,20,2.5,1
openai/gpt-5,20,2.5,1
openai/gpt-5,20,2.5,0
openai/gpt-5,20,2.5,0
openai/gpt-5,20,2.5,1
openai/gpt-5,20,2.5,1
openai/gpt-5,20,2.5,1
openai/gpt-5,20,2.5,1
openai/gpt-5,20,2.5,1
openai/gpt-5,20,2.5,1
openai/gpt-5,20,2.5,0
openai/gpt-5,20,2.5,1
openai/gpt-5,20,2.5,1
openai/gpt-5,20,2.5,0
openai/gpt-5,20,2.5,1
openai/gpt-5,20,2.5,0
openai/gpt-5,20,2.5,1
openai/gpt-5,20,2.5,1
openai/gpt-5,20,2.5,1
openai/gpt-5,20,2.5,1
openai/gpt-5,20,2.5,1
openai/gpt-5,20,2.5,1
openai/gpt-5,20,2.5,1
openai/gpt-5,20,2.5,1
openai/gpt-5,20,2.5,1
openai/gpt-5,20,2.5,1
openai/gpt-5,20,2.5,0
openai/gpt-5,20,2.5,1
openai/gpt-5,20,2.5,1
openai/gpt-5,20,2.5,0
openai/gpt-5,20,2.5,1
openai/gpt-5,20,2.5,1
openai/gpt-5,20,2.5,1
openai/gpt-5,20,2.5,1
openai/gpt-5,20,2.5,1
openai/gpt-5,20,2.5,1
openai/gpt-5,20,2.5,1
openai/gpt-5,20,2.5,1
openai/gpt-5,20,2.5,1
openai/gpt-5,20,2.5,1
openai/gpt-5,20,2.5,1
openai/gpt-5,20,2.5,1
openai/gpt-5,20,2.5,1
openai/gpt-5,20,2.5,1
openai/gpt-5,20,2.5,1
openai/gpt-5,20,2.5,0
openai/gpt-5,20,2.5,1
openai/gpt-5,20,2.5,0
openai/gpt-5,20,2.5,0
openai/gpt-5,20,2.5,1
openai/gpt-5,20,2.5,1
openai/gpt-5,20,2.5,1
openai/gpt-5,20,2.5,1
openai/gpt-5,20,2.5,0
openai/gpt-5,20,2.5,1
openai/gpt-5,20,2.5,1
openai/gpt-5,20,2.5,1
openai/gpt-5,20,2.5,1
openai/gpt-5,20,2.5,1
openai/gpt-5,20,2.5,1
openai/gpt-5,20,2.5,1
openai/gpt-5,20,2.5,0
openai/gpt-5,20,2.5,1
openai/gpt-5,20,2.5,0
openai/gpt-5,20,2.5,0
openai/gpt-5,20,2.5,1
openai/gpt-5,20,2.5,1
openai/gpt-5,20,2.5,1
openai/gpt-5,20,2.5,0
openai/gpt-5,20,2.5,0
openai/gpt-5,20,2.5,1
openai/gpt-5,30,4.29,1
openai/gpt-5,30,4.29,1
openai/gpt-5,30,4.29,1
openai/gpt-5,30,4.29,1
openai/gpt-5,30,4.29,1
openai/gpt-5,30,4.29,0
openai/gpt-5,30,4.29,1
openai/gpt-5,30,4.29,1
openai/gpt-5,30,4.29,1
openai/gpt-5,30,4.29,1
openai/gpt-5,30,4.29,0
openai/gpt-5,30,4.29,1
openai/gpt-5,30,4.29,1
openai/gpt-5,30,4.29,1
openai/gpt-5,30,4.29,1
openai/gpt-5,30,4.29,0
openai/gpt-5,30,4.29,0
openai/gpt-5,30,4.29,0
openai/gpt-5,30,4.29,1
openai/gpt-5,30,4.29,0
openai/gpt-5,30,4.29,1
openai/gpt-5,30,4.29,1
openai/gpt-5,30,4.29,1
openai/gpt-5,30,4.29,1
openai/gpt-5,30,4.29,1
openai/gpt-5,30,4.29,1
openai/gpt-5,30,4.29,1
openai/gpt-5,30,4.29,1
openai/gpt-5,30,4.29,1
openai/gpt-5,30,4.29,1
openai/gpt-5,30,4.29,0
openai/gpt-5,30,4.29,1
openai/gpt-5,30,4.29,1
openai/gpt-5,30,4.29,1
openai/gpt-5,30,4.29,1
openai/gpt-5,30,4.29,1
openai/gpt-5,30,4.29,1
openai/gpt-5,30,4.29,1
openai/gpt-5,30,4.29,0
openai/gpt-5,30,4.29,1
openai/gpt-5,30,4.29,1
openai/gpt-5,30,4.29,1
openai/gpt-5,30,4.29,1
openai/gpt-5,30,4.29,1
openai/gpt-5,30,4.29,1
openai/gpt-5,30,4.29,0
openai/gpt-5,30,4.29,1
openai/gpt-5,30,4.29,1
openai/gpt-5,30,4.29,1
openai/gpt-5,30,4.29,0
openai/gpt-5,30,4.29,1
openai/gpt-5,30,4.29,0
openai/gpt-5,30,4.29,1
openai/gpt-5,30,4.29,1
openai/gpt-5,30,4.29,0
openai/gpt-5,30,4.29,1
openai/gpt-5,30,4.29,1
openai/gpt-5,30,4.29,0
openai/gpt-5,30,4.29,1
openai/gpt-5,30,4.29,0
openai/gpt-5,30,4.29,0
openai/gpt-5,30,4.29,0
openai/gpt-5,30,4.29,1
openai/gpt-5,30,4.29,0
openai/gpt-5,30,4.29,1
openai/gpt-5,30,4.29,1
openai/gpt-5,30,4.29,1
openai/gpt-5,30,4.29,0
openai/gpt-5,30,4.29,1
openai/gpt-5,30,4.29,0
openai/gpt-5,30,4.29,1
openai/gpt-5,30,4.29,1
openai/gpt-5,30,4.29,0
openai/gpt-5,30,4.29,1
openai/gpt-5,30,4.29,1
openai/gpt-5,30,4.29,1
openai/gpt-5,30,4.29,1
openai/gpt-5,30,4.29,1
openai/gpt-5,30,4.29,1
openai/gpt-5,30,4.29,1
openai/gpt-5,30,4.29,1
openai/gpt-5,30,4.29,1
openai/gpt-5,30,4.29,0
openai/gpt-5,30,4.29,1
openai/gpt-5,30,4.29,0
openai/gpt-5,30,4.29,0
openai/gpt-5,30,4.29,0
openai/gpt-5,30,4.29,1
openai/gpt-5,30,4.29,1
openai/gpt-5,30,4.29,1
openai/gpt-5,30,4.29,0
openai/gpt-5,30,4.29,0
openai/gpt-5,30,4.29,1
openai/gpt-5,30,4.29,1
openai/gpt-5,30,4.29,1
openai/gpt-5,30,4.29,1
openai/gpt-5,30,4.29,1
openai/gpt-5,30,4.29,0
openai/gpt-5,30,4.29,1
openai/gpt-5,30,4.29,1
google/gemini-2.5-pro,1,0.1,0
google/gemini-2.5-pro,1,0.1,1
google/gemini-2.5-pro,1,0.1,1
google/gemini-2.5-pro,1,0.1,1
google/gemini-2.5-pro,1,0.1,1
google/gemini-2.5-pro,1,0.1,0
google/gemini-2.5-pro,1,0.1,0
google/gemini-2.5-pro,1,0.1,0
google/gemini-2.5-pro,1,0.1,1
google/gemini-2.5-pro,1,0.1,0
google/gemini-2.5-pro,1,0.1,1
google/gemini-2.5-pro,1,0.1,0
google/gemini-2.5-pro,1,0.1,0
google/gemini-2.5-pro,1,0.1,0
google/gemini-2.5-pro,1,0.1,0
google/gemini-2.5-pro,1,0.1,1
google/gemini-2.5-pro,1,0.1,0
google/gemini-2.5-pro,1,0.1,1
google/gemini-2.5-pro,1,0.1,0
google/gemini-2.5-pro,1,0.1,1
google/gemini-2.5-pro,1,0.1,0
google/gemini-2.5-pro,1,0.1,1
google/gemini-2.5-pro,1,0.1,1
google/gemini-2.5-pro,1,0.1,0
google/gemini-2.5-pro,1,0.1,0
google/gemini-2.5-pro,1,0.1,1
google/gemini-2.5-pro,1,0.1,1
google/gemini-2.5-pro,1,0.1,0
google/gemini-2.5-pro,1,0.1,1
google/gemini-2.5-pro,1,0.1,0
google/gemini-2.5-pro,1,0.1,1
google/gemini-2.5-pro,1,0.1,1
google/gemini-2.5-pro,1,0.1,1
google/gemini-2.5-pro,1,0.1,0
google/gemini-2.5-pro,1,0.1,1
google/gemini-2.5-pro,1,0.1,0
google/gemini-2.5-pro,1,0.1,0
google/gemini-2.5-pro,1,0.1,0
google/gemini-2.5-pro,1,0.1,1
google/gemini-2.5-pro,1,0.1,0
google/gemini-2.5-pro,1,0.1,1
google/gemini-2.5-pro,1,0.1,0
google/gemini-2.5-pro,1,0.1,0
google/gemini-2.5-pro,1,0.1,0
google/gemini-2.5-pro,1,0.1,0
google/gemini-2.5-pro,1,0.1,0
google/gemini-2.5-pro,1,0.1,1
google/gemini-2.5-pro,1,0.1,1
google/gemini-2.5-pro,1,0.1,0
google/gemini-2.5-pro,1,0.1,1
google/gemini-2.5-pro,1,0.1,1
google/gemini-2.5-pro,1,0.1,0
google/gemini-2.5-pro,1,0.1,0
google/gemini-2.5-pro,1,0.1,0
google/gemini-2.5-pro,1,0.1,1
google/gemini-2.5-pro,1,0.1,0
google/gemini-2.5-pro,1,0.1,1
google/gemini-2.5-pro,1,0.1,0
google/gemini-2.5-pro,1,0.1,1
google/gemini-2.5-pro,1,0.1,0
google/gemini-2.5-pro,1,0.1,0
google/gemini-2.5-pro,1,0.1,0
google/gemini-2.5-pro,1,0.1,0
google/gemini-2.5-pro,1,0.1,0
google/gemini-2.5-pro,1,0.1,1
google/gemini-2.5-pro,1,0.1,1
google/gemini-2.5-pro,1,0.1,0
google/gemini-2.5-pro,1,0.1,0
google/gemini-2.5-pro,1,0.1,0
google/gemini-2.5-pro,1,0.1,0
google/gemini-2.5-pro,1,0.1,0
google/gemini-2.5-pro,1,0.1,0
google/gemini-2.5-pro,1,0.1,1
google/gemini-2.5-pro,1,0.1,1
google/gemini-2.5-pro,1,0.1,1
google/gemini-2.5-pro,1,0.1,0
google/gemini-2.5-pro,1,0.1,0
google/gemini-2.5-pro,1,0.1,0
google/gemini-2.5-pro,1,0.1,1
google/gemini-2.5-pro,1,0.1,1
google/gemini-2.5-pro,1,0.1,1
google/gemini-2.5-pro,1,0.1,0
google/gemini-2.5-pro,1,0.1,0
google/gemini-2.5-pro,1,0.1,0
google/gemini-2.5-pro,1,0.1,0
google/gemini-2.5-pro,1,0.1,0
google/gemini-2.5-pro,1,0.1,1
google/gemini-2.5-pro,1,0.1,1
google/gemini-2.5-pro,1,0.1,1
google/gemini-2.5-pro,1,0.1,0
google/gemini-2.5-pro,1,0.1,1
google/gemini-2.5-pro,1,0.1,0
google/gemini-2.5-pro,1,0.1,1
google/gemini-2.5-pro,1,0.1,1
google/gemini-2.5-pro,1,0.1,0
google/gemini-2.5-pro,1,0.1,1
google/gemini-2.5-pro,1,0.1,1
google/gemini-2.5-pro,1,0.1,1
google/gemini-2.5-pro,1,0.1,1
google/gemini-2.5-pro,1,0.1,1
google/gemini-2.5-pro,99,990.0,1
google/gemini-2.5-pro,99,990.0,0
google/gemini-2.5-pro,99,990.0,1
google/gemini-2.5-pro,99,990.0,1
google/gemini-2.5-pro,99,990.0,1
google/gemini-2.5-pro,99,990.0,1
google/gemini-2.5-pro,99,990.0,1
google/gemini-2.5-pro,99,990.0,1
google/gemini-2.5-pro,99,990.0,1
google/gemini-2.5-pro,99,990.0,1
google/gemini-2.5-pro,99,990.0,1
google/gemini-2.5-pro,99,990.0,1
google/gemini-2.5-pro,99,990.0,1
google/gemini-2.5-pro,99,990.0,1
google/gemini-2.5-pro,99,990.0,1
google/gemini-2.5-pro,99,990.0,1
google/gemini-2.5-pro,99,990.0,0
google/gemini-2.5-pro,99,990.0,1
google/gemini-2.5-pro,99,990.0,0
google/gemini-2.5-pro,99,990.0,1
google/gemini-2.5-pro,99,990.0,1
google/gemini-2.5-pro,99,990.0,1
google/gemini-2.5-pro,99,990.0,1
google/gemini-2.5-pro,99,990.0,1
google/gemini-2.5-pro,99,990.0,1
google/gemini-2.5-pro,99,990.0,1
google/gemini-2.5-pro,99,990.0,0
google/gemini-2.5-pro,99,990.0,1
google/gemini-2.5-pro,99,990.0,1
google/gemini-2.5-pro,99,990.0,1
google/gemini-2.5-pro,99,990.0,1
google/gemini-2.5-pro,99,990.0,1
google/gemini-2.5-pro,99,990.0,1
google/gemini-2.5-pro,99,990.0,1
google/gemini-2.5-pro,99,990.0,1
google/gemini-2.5-pro,99,990.0,0
google/gemini-2.5-pro,99,990.0,0
google/gemini-2.5-pro,99,990.0,1
google/gemini-2.5-pro,99,990.0,1
google/gemini-2.5-pro,99,990.0,1
google/gemini-2.5-pro,99,990.0,1
google/gemini-2.5-pro,99,990.0,1
google/gemini-2.5-pro,99,990.0,1
google/gemini-2.5-pro,99,990.0,1
google/gemini-2.5-pro,99,990.0,1
google/gemini-2.5-pro,99,990.0,1
google/gemini-2.5-pro,99,990.0,1
google/gemini-2.5-pro,99,990.0,1
google/gemini-2.5-pro,99,990.0,1
google/gemini-2.5-pro,99,990.0,1
google/gemini-2.5-pro,99,990.0,1
google/gemini-2.5-pro,99,990.0,1
google/gemini-2.5-pro,99,990.0,1
google/gemini-2.5-pro,99,990.0,1
google/gemini-2.5-pro,99,990.0,1
google/gemini-2.5-pro,99,990.0,1
google/gemini-2.5-pro,99,990.0,1
google/gemini-2.5-pro,99,990.0,1
google/gemini-2.5-pro,99,990.0,1
google/gemini-2.5-pro,99,990.0,0
google/gemini-2.5-pro,99,990.0,1
google/gemini-2.5-pro,99,990.0,1
google/gemini-2.5-pro,99,990.0,1
google/gemini-2.5-pro,99,990.0,1
google/gemini-2.5-pro,99,990.0,1
google/gemini-2.5-pro,99,990.0,1
google/gemini-2.5-pro,99,990.0,1
google/gemini-2.5-pro,99,990.0,1
google/gemini-2.5-pro,99,990.0,1
google/gemini-2.5-pro,99,990.0,1
google/gemini-2.5-pro,99,990.0,1
google/gemini-2.5-pro,99,990.0,1
google/gemini-2.5-pro,99,990.0,1
google/gemini-2.5-pro,99,990.0,1
google/gemini-2.5-pro,99,990.0,0
google/gemini-2.5-pro,99,990.0,0
google/gemini-2.5-pro,99,990.0,1
google/gemini-2.5-pro,99,990.0,1
google/gemini-2.5-pro,99,990.0,1
google/gemini-2.5-pro,99,990.0,0
google/gemini-2.5-pro,99,990.0,1
google/gemini-2.5-pro,99,990.0,1
google/gemini-2.5-pro,99,990.0,1
google/gemini-2.5-pro,99,990.0,1
google/gemini-2.5-pro,99,990.0,0
google/gemini-2.5-pro,99,990.0,1
google/gemini-2.5-pro,99,990.0,1
google/gemini-2.5-pro,99,990.0,0
google/gemini-2.5-pro,99,990.0,1
google/gemini-2.5-pro,99,990.0,1
google/gemini-2.5-pro,99,990.0,1
google/gemini-2.5-pro,99,990.0,1
google/gemini-2.5-pro,99,990.0,1
google/gemini-2.5-pro,99,990.0,1
google/gemini-2.5-pro,99,990.0,1
google/gemini-2.5-pro,99,990.0,0
google/gemini-2.5-pro,99,990.0,1
google/gemini-2.5-pro,99,990.0,1
google/gemini-2.5-pro,99,990.0,0
google/gemini-2.5-pro,99,990.0,1
google/gemini-2.5-pro,20,2.5,0
google/gemini-2.5-pro,20,2.5,1
google/gemini-2.5-pro,20,2.5,1
google/gemini-2.5-pro,20,2.5,1
google/gemini-2.5-pro,20,2.5,1
google/gemini-2.5-pro,20,2.5,1
google/gemini-2.5-pro,20,2.5,1
google/gemini-2.5-pro,20,2.5,1
google/gemini-2.5-pro,20,2.5,1
google/gemini-2.5-pro,20,2.5,1
google/gemini-2.5-pro,20,2.5,1
google/gemini-2.5-pro,20,2.5,1
google/gemini-2.5-pro,20,2.5,1
google/gemini-2.5-pro,20,2.5,1
google/gemini-2.5-pro,20,2.5,1
google/gemini-2.5-pro,20,2.5,1
google/gemini-2.5-pro,20,2.5,1
google/gemini-2.5-pro,20,2.5,1
google/gemini-2.5-pro,20,2.5,1
google/gemini-2.5-pro,20,2.5,1
google/gemini-2.5-pro,20,2.5,1
google/gemini-2.5-pro,20,2.5,0
google/gemini-2.5-pro,20,2.5,1
google/gemini-2.5-pro,20,2.5,1
google/gemini-2.5-pro,20,2.5,1
google/gemini-2.5-pro,20,2.5,1
google/gemini-2.5-pro,20,2.5,1
google/gemini-2.5-pro,20,2.5,1
google/gemini-2.5-pro,20,2.5,1
google/gemini-2.5-pro,20,2.5,1
google/gemini-2.5-pro,20,2.5,1
google/gemini-2.5-pro,20,2.5,1
google/gemini-2.5-pro,20,2.5,1
google/gemini-2.5-pro,20,2.5,1
google/gemini-2.5-pro,20,2.5,1
google/gemini-2.5-pro,20,2.5,1
google/gemini-2.5-pro,20,2.5,0
google/gemini-2.5-pro,20,2.5,1
google/gemini-2.5-pro,20,2.5,1
google/gemini-2.5-pro,20,2.5,1
google/gemini-2.5-pro,20,2.5,1
google/gemini-2.5-pro,20,2.5,1
google/gemini-2.5-pro,20,2.5,0
google/gemini-2.5-pro,20,2.5,0
google/gemini-2.5-pro,20,2.5,1
google/gemini-2.5-pro,20,2.5,1
google/gemini-2.5-pro,20,2.5,1
google/gemini-2.5-pro,20,2.5,1
google/gemini-2.5-pro,20,2.5,0
google/gemini-2.5-pro,20,2.5,1
google/gemini-2.5-pro,20,2.5,0
google/gemini-2.5-pro,20,2.5,1
google/gemini-2.5-pro,20,2.5,1
google/gemini-2.5-pro,20,2.5,1
google/gemini-2.5-pro,20,2.5,1
google/gemini-2.5-pro,20,2.5,1
google/gemini-2.5-pro,20,2.5,1
google/gemini-2.5-pro,20,2.5,1
google/gemini-2.5-pro,20,2.5,1
google/gemini-2.5-pro,20,2.5,1
google/gemini-2.5-pro,20,2.5,1
google/gemini-2.5-pro,20,2.5,1
google/gemini-2.5-pro,20,2.5,1
google/gemini-2.5-pro,20,2.5,1
google/gemini-2.5-pro,20,2.5,1
google/gemini-2.5-pro,20,2.5,1
google/gemini-2.5-pro,20,2.5,1
google/gemini-2.5-pro,20,2.5,1
google/gemini-2.5-pro,20,2.5,1
google/gemini-2.5-pro,20,2.5,1
google/gemini-2.5-pro,20,2.5,1
google/gemini-2.5-pro,20,2.5,1
google/gemini-2.5-pro,20,2.5,1
google/gemini-2.5-pro,20,2.5,1
google/gemini-2.5-pro,20,2.5,1
google/gemini-2.5-pro,20,2.5,0
google/gemini-2.5-pro,20,2.5,1
google/gemini-2.5-pro,20,2.5,1
google/gemini-2.5-pro,20,2.5,1
google/gemini-2.5-pro,20,2.5,0
google/gemini-2.5-pro,20,2.5,0
google/gemini-2.5-pro,20,2.5,1
google/gemini-2.5-pro,20,2.5,1
google/gemini-2.5-pro,20,2.5,1
google/gemini-2.5-pro,20,2.5,1
google/gemini-2.5-pro,20,2.5,0
google/gemini-2.5-pro,20,2.5,1
google/gemini-2.5-pro,20,2.5,1
google/gemini-2.5-pro,20,2.5,1
google/gemini-2.5-pro,20,2.5,1
google/gemini-2.5-pro,20,2.5,1
google/gemini-2.5-pro,20,2.5,1
google/gemini-2.5-pro,20,2.5,1
google/gemini-2.5-pro,20,2.5,1
google/gemini-2.5-pro,20,2.5,1
google/gemini-2.5-pro,20,2.5,1
google/gemini-2.5-pro,20,2.5,1
google/gemini-2.5-pro,20,2.5,1
google/gemini-2.5-pro,20,2.5,1
google/gemini-2.5-pro,20,2.5,0
google/gemini-2.5-pro,30,4.29,0
google/gemini-2.5-pro,30,4.29,0
google/gemini-2.5-pro,30,4.29,0
google/gemini-2.5-pro,30,4.29,0
google/gemini-2.5-pro,30,4.29,0
google/gemini-2.5-pro,30,4.29,0
google/gemini-2.5-pro,30,4.29,0
google/gemini-2.5-pro,30,4.29,0
google/gemini-2.5-pro,30,4.29,0
google/gemini-2.5-pro,30,4.29,0
google/gemini-2.5-pro,30,4.29,0
google/gemini-2.5-pro,30,4.29,1
google/gemini-2.5-pro,30,4.29,0
google/gemini-2.5-pro,30,4.29,0
google/gemini-2.5-pro,30,4.29,0
google/gemini-2.5-pro,30,4.29,0
google/gemini-2.5-pro,30,4.29,0
google/gemini-2.5-pro,30,4.29,1
google/gemini-2.5-pro,30,4.29,0
google/gemini-2.5-pro,30,4.29,0
google/gemini-2.5-pro,30,4.29,0
google/gemini-2.5-pro,30,4.29,0
google/gemini-2.5-pro,30,4.29,0
google/gemini-2.5-pro,30,4.29,0
google/gemini-2.5-pro,30,4.29,0
google/gemini-2.5-pro,30,4.29,0
google/gemini-2.5-pro,30,4.29,0
google/gemini-2.5-pro,30,4.29,0
google/gemini-2.5-pro,30,4.29,0
google/gemini-2.5-pro,30,4.29,0
google/gemini-2.5-pro,30,4.29,0
google/gemini-2.5-pro,30,4.29,0
google/gemini-2.5-pro,30,4.29,0
google/gemini-2.5-pro,30,4.29,0
google/gemini-2.5-pro,30,4.29,0
google/gemini-2.5-pro,30,4.29,0
google/gemini-2.5-pro,30,4.29,0
google/gemini-2.5-pro,30,4.29,0
google/gemini-2.5-pro,30,4.29,0
google/gemini-2.5-pro,30,4.29,0
google/gemini-2.5-pro,30,4.29,0
google/gemini-2.5-pro,30,4.29,0
google/gemini-2.5-pro,30,4.29,0
google/gemini-2.5-pro,30,4.29,0
google/gemini-2.5-pro,30,4.29,1
google/gemini-2.5-pro,30,4.29,0
google/gemini-2.5-pro,30,4.29,0
google/gemini-2.5-pro,30,4.29,0
google/gemini-2.5-pro,30,4.29,0
google/gemini-2.5-pro,30,4.29,0
google/gemini-2.5-pro,30,4.29,0
google/gemini-2.5-pro,30,4.29,0
google/gemini-2.5-pro,30,4.29,0
google/gemini-2.5-pro,30,4.29,1
google/gemini-2.5-pro,30,4.29,0
google/gemini-2.5-pro,30,4.29,1
google/gemini-2.5-pro,30,4.29,0
google/gemini-2.5-pro,30,4.29,0
google/gemini-2.5-pro,30,4.29,0
google/gemini-2.5-pro,30,4.29,0
google/gemini-2.5-pro,30,4.29,0
google/gemini-2.5-pro,30,4.29,0
google/gemini-2.5-pro,30,4.29,0
google/gemini-2.5-pro,30,4.29,0
google/gemini-2.5-pro,30,4.29,0
google/gemini-2.5-pro,30,4.29,1
google/gemini-2.5-pro,30,4.29,0
google/gemini-2.5-pro,30,4.29,0
google/gemini-2.5-pro,30,4.29,0
google/gemini-2.5-pro,30,4.29,0
google/gemini-2.5-pro,30,4.29,0
google/gemini-2.5-pro,30,4.29,0
google/gemini-2.5-pro,30,4.29,0
google/gemini-2.5-pro,30,4.29,0
google/gemini-2.5-pro,30,4.29,0
google/gemini-2.5-pro,30,4.29,0
google/gemini-2.5-pro,30,4.29,0
google/gemini-2.5-pro,30,4.29,0
google/gemini-2.5-pro,30,4.29,0
google/gemini-2.5-pro,30,4.29,0
google/gemini-2.5-pro,30,4.29,0
google/gemini-2.5-pro,30,4.29,0
google/gemini-2.5-pro,30,4.29,0
google/gemini-2.5-pro,30,4.29,0
google/gemini-2.5-pro,30,4.29,0
google/gemini-2.5-pro,30,4.29,0
google/gemini-2.5-pro,30,4.29,0
google/gemini-2.5-pro,30,4.29,0
google/gemini-2.5-pro,30,4.29,0
google/gemini-2.5-pro,30,4.29,0
google/gemini-2.5-pro,30,4.29,0
google/gemini-2.5-pro,30,4.29,0
google/gemini-2.5-pro,30,4.29,0
google/gemini-2.5-pro,30,4.29,0
google/gemini-2.5-pro,30,4.29,0
google/gemini-2.5-pro,30,4.29,0
google/gemini-2.5-pro,30,4.29,0
google/gemini-2.5-pro,30,4.29,0
google/gemini-2.5-pro,30,4.29,0
google/gemini-2.5-pro,30,4.29,1
moonshotai/kimi-k2-0905,1,0.1,1
moonshotai/kimi-k2-0905,1,0.1,1
moonshotai/kimi-k2-0905,1,0.1,1
moonshotai/kimi-k2-0905,1,0.1,1
moonshotai/kimi-k2-0905,1,0.1,1
moonshotai/kimi-k2-0905,1,0.1,1
moonshotai/kimi-k2-0905,1,0.1,1
moonshotai/kimi-k2-0905,1,0.1,1
moonshotai/kimi-k2-0905,1,0.1,1
moonshotai/kimi-k2-0905,1,0.1,1
moonshotai/kimi-k2-0905,1,0.1,1
moonshotai/kimi-k2-0905,1,0.1,1
moonshotai/kimi-k2-0905,1,0.1,1
moonshotai/kimi-k2-0905,1,0.1,1
moonshotai/kimi-k2-0905,1,0.1,1
moonshotai/kimi-k2-0905,1,0.1,1
moonshotai/kimi-k2-0905,1,0.1,1
moonshotai/kimi-k2-0905,1,0.1,1
moonshotai/kimi-k2-0905,1,0.1,1
moonshotai/kimi-k2-0905,1,0.1,1
moonshotai/kimi-k2-0905,1,0.1,1
moonshotai/kimi-k2-0905,1,0.1,1
moonshotai/kimi-k2-0905,1,0.1,1
moonshotai/kimi-k2-0905,1,0.1,1
moonshotai/kimi-k2-0905,1,0.1,0
moonshotai/kimi-k2-0905,1,0.1,1
moonshotai/kimi-k2-0905,1,0.1,1
moonshotai/kimi-k2-0905,1,0.1,1
moonshotai/kimi-k2-0905,1,0.1,1
moonshotai/kimi-k2-0905,1,0.1,1
moonshotai/kimi-k2-0905,1,0.1,1
moonshotai/kimi-k2-0905,1,0.1,1
moonshotai/kimi-k2-0905,1,0.1,1
moonshotai/kimi-k2-0905,1,0.1,1
moonshotai/kimi-k2-0905,1,0.1,1
moonshotai/kimi-k2-0905,1,0.1,1
moonshotai/kimi-k2-0905,1,0.1,1
moonshotai/kimi-k2-0905,1,0.1,1
moonshotai/kimi-k2-0905,1,0.1,1
moonshotai/kimi-k2-0905,1,0.1,1
moonshotai/kimi-k2-0905,1,0.1,0
moonshotai/kimi-k2-0905,1,0.1,1
moonshotai/kimi-k2-0905,1,0.1,1
moonshotai/kimi-k2-0905,1,0.1,1
moonshotai/kimi-k2-0905,1,0.1,1
moonshotai/kimi-k2-0905,1,0.1,1
moonshotai/kimi-k2-0905,1,0.1,0
moonshotai/kimi-k2-0905,1,0.1,1
moonshotai/kimi-k2-0905,1,0.1,1
moonshotai/kimi-k2-0905,1,0.1,1
moonshotai/kimi-k2-0905,1,0.1,1
moonshotai/kimi-k2-0905,1,0.1,1
moonshotai/kimi-k2-0905,1,0.1,1
moonshotai/kimi-k2-0905,1,0.1,1
moonshotai/kimi-k2-0905,1,0.1,1
moonshotai/kimi-k2-0905,1,0.1,1
moonshotai/kimi-k2-0905,1,0.1,1
moonshotai/kimi-k2-0905,1,0.1,1
moonshotai/kimi-k2-0905,1,0.1,1
moonshotai/kimi-k2-0905,1,0.1,1
moonshotai/kimi-k2-0905,1,0.1,1
moonshotai/kimi-k2-0905,1,0.1,1
moonshotai/kimi-k2-0905,1,0.1,1
moonshotai/kimi-k2-0905,1,0.1,1
moonshotai/kimi-k2-0905,1,0.1,1
moonshotai/kimi-k2-0905,1,0.1,1
moonshotai/kimi-k2-0905,1,0.1,1
moonshotai/kimi-k2-0905,1,0.1,1
moonshotai/kimi-k2-0905,1,0.1,1
moonshotai/kimi-k2-0905,1,0.1,1
moonshotai/kimi-k2-0905,1,0.1,1
moonshotai/kimi-k2-0905,1,0.1,1
moonshotai/kimi-k2-0905,1,0.1,1
moonshotai/kimi-k2-0905,1,0.1,1
moonshotai/kimi-k2-0905,1,0.1,0
moonshotai/kimi-k2-0905,1,0.1,1
moonshotai/kimi-k2-0905,1,0.1,1
moonshotai/kimi-k2-0905,1,0.1,1
moonshotai/kimi-k2-0905,1,0.1,1
moonshotai/kimi-k2-0905,1,0.1,1
moonshotai/kimi-k2-0905,1,0.1,1
moonshotai/kimi-k2-0905,1,0.1,1
moonshotai/kimi-k2-0905,1,0.1,1
moonshotai/kimi-k2-0905,1,0.1,1
moonshotai/kimi-k2-0905,1,0.1,1
moonshotai/kimi-k2-0905,1,0.1,1
moonshotai/kimi-k2-0905,1,0.1,1
moonshotai/kimi-k2-0905,1,0.1,1
moonshotai/kimi-k2-0905,1,0.1,1
moonshotai/kimi-k2-0905,1,0.1,1
moonshotai/kimi-k2-0905,1,0.1,1
moonshotai/kimi-k2-0905,1,0.1,1
moonshotai/kimi-k2-0905,1,0.1,1
moonshotai/kimi-k2-0905,1,0.1,1
moonshotai/kimi-k2-0905,1,0.1,1
moonshotai/kimi-k2-0905,1,0.1,1
moonshotai/kimi-k2-0905,1,0.1,0
moonshotai/kimi-k2-0905,1,0.1,1
moonshotai/kimi-k2-0905,1,0.1,1
moonshotai/kimi-k2-0905,1,0.1,1
moonshotai/kimi-k2-0905,99,990.0,1
moonshotai/kimi-k2-0905,99,990.0,1
moonshotai/kimi-k2-0905,99,990.0,1
moonshotai/kimi-k2-0905,99,990.0,1
moonshotai/kimi-k2-0905,99,990.0,1
moonshotai/kimi-k2-0905,99,990.0,1
moonshotai/kimi-k2-0905,99,990.0,1
moonshotai/kimi-k2-0905,99,990.0,1
moonshotai/kimi-k2-0905,99,990.0,1
moonshotai/kimi-k2-0905,99,990.0,1
moonshotai/kimi-k2-0905,99,990.0,1
moonshotai/kimi-k2-0905,99,990.0,1
moonshotai/kimi-k2-0905,99,990.0,1
moonshotai/kimi-k2-0905,99,990.0,1
moonshotai/kimi-k2-0905,99,990.0,1
moonshotai/kimi-k2-0905,99,990.0,1
moonshotai/kimi-k2-0905,99,990.0,1
moonshotai/kimi-k2-0905,99,990.0,1
moonshotai/kimi-k2-0905,99,990.0,1
moonshotai/kimi-k2-0905,99,990.0,0
moonshotai/kimi-k2-0905,99,990.0,1
moonshotai/kimi-k2-0905,99,990.0,1
moonshotai/kimi-k2-0905,99,990.0,1
moonshotai/kimi-k2-0905,99,990.0,1
moonshotai/kimi-k2-0905,99,990.0,1
moonshotai/kimi-k2-0905,99,990.0,1
moonshotai/kimi-k2-0905,99,990.0,1
moonshotai/kimi-k2-0905,99,990.0,1
moonshotai/kimi-k2-0905,99,990.0,1
moonshotai/kimi-k2-0905,99,990.0,1
moonshotai/kimi-k2-0905,99,990.0,1
moonshotai/kimi-k2-0905,99,990.0,1
moonshotai/kimi-k2-0905,99,990.0,1
moonshotai/kimi-k2-0905,99,990.0,1
moonshotai/kimi-k2-0905,99,990.0,1
moonshotai/kimi-k2-0905,99,990.0,1
moonshotai/kimi-k2-0905,99,990.0,1
moonshotai/kimi-k2-0905,99,990.0,1
moonshotai/kimi-k2-0905,99,990.0,1
moonshotai/kimi-k2-0905,99,990.0,1
moonshotai/kimi-k2-0905,99,990.0,1
moonshotai/kimi-k2-0905,99,990.0,1
moonshotai/kimi-k2-0905,99,990.0,1
moonshotai/kimi-k2-0905,99,990.0,1
moonshotai/kimi-k2-0905,99,990.0,1
moonshotai/kimi-k2-0905,99,990.0,1
moonshotai/kimi-k2-0905,99,990.0,1
moonshotai/kimi-k2-0905,99,990.0,1
moonshotai/kimi-k2-0905,99,990.0,1
moonshotai/kimi-k2-0905,99,990.0,1
moonshotai/kimi-k2-0905,99,990.0,0
moonshotai/kimi-k2-0905,99,990.0,1
moonshotai/kimi-k2-0905,99,990.0,0
moonshotai/kimi-k2-0905,99,990.0,0
moonshotai/kimi-k2-0905,99,990.0,1
moonshotai/kimi-k2-0905,99,990.0,1
moonshotai/kimi-k2-0905,99,990.0,1
moonshotai/kimi-k2-0905,99,990.0,1
moonshotai/kimi-k2-0905,99,990.0,1
moonshotai/kimi-k2-0905,99,990.0,1
moonshotai/kimi-k2-0905,99,990.0,1
moonshotai/kimi-k2-0905,99,990.0,1
moonshotai/kimi-k2-0905,99,990.0,1
moonshotai/kimi-k2-0905,99,990.0,1
moonshotai/kimi-k2-0905,99,990.0,1
moonshotai/kimi-k2-0905,99,990.0,1
moonshotai/kimi-k2-0905,99,990.0,1
moonshotai/kimi-k2-0905,99,990.0,1
moonshotai/kimi-k2-0905,99,990.0,1
moonshotai/kimi-k2-0905,99,990.0,1
moonshotai/kimi-k2-0905,99,990.0,1
moonshotai/kimi-k2-0905,99,990.0,1
moonshotai/kimi-k2-0905,99,990.0,1
moonshotai/kimi-k2-0905,99,990.0,1
moonshotai/kimi-k2-0905,99,990.0,1
moonshotai/kimi-k2-0905,99,990.0,1
moonshotai/kimi-k2-0905,99,990.0,1
moonshotai/kimi-k2-0905,99,990.0,1
moonshotai/kimi-k2-0905,99,990.0,1
moonshotai/kimi-k2-0905,99,990.0,1
moonshotai/kimi-k2-0905,99,990.0,1
moonshotai/kimi-k2-0905,99,990.0,1
moonshotai/kimi-k2-0905,99,990.0,1
moonshotai/kimi-k2-0905,99,990.0,1
moonshotai/kimi-k2-0905,99,990.0,1
moonshotai/kimi-k2-0905,99,990.0,1
moonshotai/kimi-k2-0905,99,990.0,1
moonshotai/kimi-k2-0905,99,990.0,1
moonshotai/kimi-k2-0905,99,990.0,1
moonshotai/kimi-k2-0905,99,990.0,1
moonshotai/kimi-k2-0905,99,990.0,1
moonshotai/kimi-k2-0905,99,990.0,1
moonshotai/kimi-k2-0905,99,990.0,1
moonshotai/kimi-k2-0905,99,990.0,0
moonshotai/kimi-k2-0905,99,990.0,1
moonshotai/kimi-k2-0905,99,990.0,1
moonshotai/kimi-k2-0905,99,990.0,1
moonshotai/kimi-k2-0905,99,990.0,1
moonshotai/kimi-k2-0905,99,990.0,1
moonshotai/kimi-k2-0905,99,990.0,1
moonshotai/kimi-k2-0905,20,2.5,0
moonshotai/kimi-k2-0905,20,2.5,1
moonshotai/kimi-k2-0905,20,2.5,1
moonshotai/kimi-k2-0905,20,2.5,1
moonshotai/kimi-k2-0905,20,2.5,1
moonshotai/kimi-k2-0905,20,2.5,1
moonshotai/kimi-k2-0905,20,2.5,1
moonshotai/kimi-k2-0905,20,2.5,1
moonshotai/kimi-k2-0905,20,2.5,1
moonshotai/kimi-k2-0905,20,2.5,0
moonshotai/kimi-k2-0905,20,2.5,1
moonshotai/kimi-k2-0905,20,2.5,1
moonshotai/kimi-k2-0905,20,2.5,1
moonshotai/kimi-k2-0905,20,2.5,1
moonshotai/kimi-k2-0905,20,2.5,1
moonshotai/kimi-k2-0905,20,2.5,1
moonshotai/kimi-k2-0905,20,2.5,1
moonshotai/kimi-k2-0905,20,2.5,1
moonshotai/kimi-k2-0905,20,2.5,1
moonshotai/kimi-k2-0905,20,2.5,1
moonshotai/kimi-k2-0905,20,2.5,1
moonshotai/kimi-k2-0905,20,2.5,1
moonshotai/kimi-k2-0905,20,2.5,1
moonshotai/kimi-k2-0905,20,2.5,1
moonshotai/kimi-k2-0905,20,2.5,1
moonshotai/kimi-k2-0905,20,2.5,1
moonshotai/kimi-k2-0905,20,2.5,1
moonshotai/kimi-k2-0905,20,2.5,1
moonshotai/kimi-k2-0905,20,2.5,1
moonshotai/kimi-k2-0905,20,2.5,1
moonshotai/kimi-k2-0905,20,2.5,1
moonshotai/kimi-k2-0905,20,2.5,1
moonshotai/kimi-k2-0905,20,2.5,1
moonshotai/kimi-k2-0905,20,2.5,1
moonshotai/kimi-k2-0905,20,2.5,1
moonshotai/kimi-k2-0905,20,2.5,1
moonshotai/kimi-k2-0905,20,2.5,1
moonshotai/kimi-k2-0905,20,2.5,1
moonshotai/kimi-k2-0905,20,2.5,1
moonshotai/kimi-k2-0905,20,2.5,1
moonshotai/kimi-k2-0905,20,2.5,1
moonshotai/kimi-k2-0905,20,2.5,1
moonshotai/kimi-k2-0905,20,2.5,1
moonshotai/kimi-k2-0905,20,2.5,1
moonshotai/kimi-k2-0905,20,2.5,1
moonshotai/kimi-k2-0905,20,2.5,1
moonshotai/kimi-k2-0905,20,2.5,1
moonshotai/kimi-k2-0905,20,2.5,0
moonshotai/kimi-k2-0905,20,2.5,1
moonshotai/kimi-k2-0905,20,2.5,1
moonshotai/kimi-k2-0905,20,2.5,1
moonshotai/kimi-k2-0905,20,2.5,1
moonshotai/kimi-k2-0905,20,2.5,1
moonshotai/kimi-k2-0905,20,2.5,1
moonshotai/kimi-k2-0905,20,2.5,1
moonshotai/kimi-k2-0905,20,2.5,1
moonshotai/kimi-k2-0905,20,2.5,1
moonshotai/kimi-k2-0905,20,2.5,1
moonshotai/kimi-k2-0905,20,2.5,1
moonshotai/kimi-k2-0905,20,2.5,1
moonshotai/kimi-k2-0905,20,2.5,1
moonshotai/kimi-k2-0905,20,2.5,1
moonshotai/kimi-k2-0905,20,2.5,1
moonshotai/kimi-k2-0905,20,2.5,1
moonshotai/kimi-k2-0905,20,2.5,0
moonshotai/kimi-k2-0905,20,2.5,1
moonshotai/kimi-k2-0905,20,2.5,1
moonshotai/kimi-k2-0905,20,2.5,1
moonshotai/kimi-k2-0905,20,2.5,1
moonshotai/kimi-k2-0905,20,2.5,1
moonshotai/kimi-k2-0905,20,2.5,1
moonshotai/kimi-k2-0905,20,2.5,1
moonshotai/kimi-k2-0905,20,2.5,1
moonshotai/kimi-k2-0905,20,2.5,1
moonshotai/kimi-k2-0905,20,2.5,1
moonshotai/kimi-k2-0905,20,2.5,1
moonshotai/kimi-k2-0905,20,2.5,1
moonshotai/kimi-k2-0905,20,2.5,1
moonshotai/kimi-k2-0905,20,2.5,1
moonshotai/kimi-k2-0905,20,2.5,1
moonshotai/kimi-k2-0905,20,2.5,1
moonshotai/kimi-k2-0905,20,2.5,1
moonshotai/kimi-k2-0905,20,2.5,1
moonshotai/kimi-k2-0905,20,2.5,1
moonshotai/kimi-k2-0905,20,2.5,1
moonshotai/kimi-k2-0905,20,2.5,1
moonshotai/kimi-k2-0905,20,2.5,1
moonshotai/kimi-k2-0905,20,2.5,1
moonshotai/kimi-k2-0905,20,2.5,1
moonshotai/kimi-k2-0905,20,2.5,1
moonshotai/kimi-k2-0905,20,2.5,1
moonshotai/kimi-k2-0905,20,2.5,1
moonshotai/kimi-k2-0905,20,2.5,1
moonshotai/kimi-k2-0905,20,2.5,1
moonshotai/kimi-k2-0905,20,2.5,1
moonshotai/kimi-k2-0905,20,2.5,1
moonshotai/kimi-k2-0905,20,2.5,1
moonshotai/kimi-k2-0905,20,2.5,1
moonshotai/kimi-k2-0905,20,2.5,1
moonshotai/kimi-k2-0905,20,2.5,0
moonshotai/kimi-k2-0905,30,4.29,0
moonshotai/kimi-k2-0905,30,4.29,0
moonshotai/kimi-k2-0905,30,4.29,0
moonshotai/kimi-k2-0905,30,4.29,0
moonshotai/kimi-k2-0905,30,4.29,0
moonshotai/kimi-k2-0905,30,4.29,0
moonshotai/kimi-k2-0905,30,4.29,0
moonshotai/kimi-k2-0905,30,4.29,0
moonshotai/kimi-k2-0905,30,4.29,0
moonshotai/kimi-k2-0905,30,4.29,0
moonshotai/kimi-k2-0905,30,4.29,0
moonshotai/kimi-k2-0905,30,4.29,0
moonshotai/kimi-k2-0905,30,4.29,0
moonshotai/kimi-k2-0905,30,4.29,1
moonshotai/kimi-k2-0905,30,4.29,1
moonshotai/kimi-k2-0905,30,4.29,1
moonshotai/kimi-k2-0905,30,4.29,0
moonshotai/kimi-k2-0905,30,4.29,0
moonshotai/kimi-k2-0905,30,4.29,1
moonshotai/kimi-k2-0905,30,4.29,0
moonshotai/kimi-k2-0905,30,4.29,0
moonshotai/kimi-k2-0905,30,4.29,0
moonshotai/kimi-k2-0905,30,4.29,0
moonshotai/kimi-k2-0905,30,4.29,0
moonshotai/kimi-k2-0905,30,4.29,0
moonshotai/kimi-k2-0905,30,4.29,0
moonshotai/kimi-k2-0905,30,4.29,0
moonshotai/kimi-k2-0905,30,4.29,0
moonshotai/kimi-k2-0905,30,4.29,0
moonshotai/kimi-k2-0905,30,4.29,1
moonshotai/kimi-k2-0905,30,4.29,0
moonshotai/kimi-k2-0905,30,4.29,0
moonshotai/kimi-k2-0905,30,4.29,1
moonshotai/kimi-k2-0905,30,4.29,0
moonshotai/kimi-k2-0905,30,4.29,0
moonshotai/kimi-k2-0905,30,4.29,0
moonshotai/kimi-k2-0905,30,4.29,0
moonshotai/kimi-k2-0905,30,4.29,1
moonshotai/kimi-k2-0905,30,4.29,0
moonshotai/kimi-k2-0905,30,4.29,0
moonshotai/kimi-k2-0905,30,4.29,0
moonshotai/kimi-k2-0905,30,4.29,0
moonshotai/kimi-k2-0905,30,4.29,0
moonshotai/kimi-k2-0905,30,4.29,1
moonshotai/kimi-k2-0905,30,4.29,0
moonshotai/kimi-k2-0905,30,4.29,0
moonshotai/kimi-k2-0905,30,4.29,0
moonshotai/kimi-k2-0905,30,4.29,0
moonshotai/kimi-k2-0905,30,4.29,0
moonshotai/kimi-k2-0905,30,4.29,0
moonshotai/kimi-k2-0905,30,4.29,0
moonshotai/kimi-k2-0905,30,4.29,0
moonshotai/kimi-k2-0905,30,4.29,0
moonshotai/kimi-k2-0905,30,4.29,0
moonshotai/kimi-k2-0905,30,4.29,0
moonshotai/kimi-k2-0905,30,4.29,1
moonshotai/kimi-k2-0905,30,4.29,0
moonshotai/kimi-k2-0905,30,4.29,0
moonshotai/kimi-k2-0905,30,4.29,1
moonshotai/kimi-k2-0905,30,4.29,0
moonshotai/kimi-k2-0905,30,4.29,0
moonshotai/kimi-k2-0905,30,4.29,0
moonshotai/kimi-k2-0905,30,4.29,0
moonshotai/kimi-k2-0905,30,4.29,0
moonshotai/kimi-k2-0905,30,4.29,1
moonshotai/kimi-k2-0905,30,4.29,0
moonshotai/kimi-k2-0905,30,4.29,0
moonshotai/kimi-k2-0905,30,4.29,0
moonshotai/kimi-k2-0905,30,4.29,0
moonshotai/kimi-k2-0905,30,4.29,0
moonshotai/kimi-k2-0905,30,4.29,1
moonshotai/kimi-k2-0905,30,4.29,0
moonshotai/kimi-k2-0905,30,4.29,0
moonshotai/kimi-k2-0905,30,4.29,0
moonshotai/kimi-k2-0905,30,4.29,0
moonshotai/kimi-k2-0905,30,4.29,1
moonshotai/kimi-k2-0905,30,4.29,0
moonshotai/kimi-k2-0905,30,4.29,0
moonshotai/kimi-k2-0905,30,4.29,1
moonshotai/kimi-k2-0905,30,4.29,0
moonshotai/kimi-k2-0905,30,4.29,0
moonshotai/kimi-k2-0905,30,4.29,0
moonshotai/kimi-k2-0905,30,4.29,0
moonshotai/kimi-k2-0905,30,4.29,0
moonshotai/kimi-k2-0905,30,4.29,0
moonshotai/kimi-k2-0905,30,4.29,0
moonshotai/kimi-k2-0905,30,4.29,0
moonshotai/kimi-k2-0905,30,4.29,0
moonshotai/kimi-k2-0905,30,4.29,0
moonshotai/kimi-k2-0905,30,4.29,0
moonshotai/kimi-k2-0905,30,4.29,0
moonshotai/kimi-k2-0905,30,4.29,0
moonshotai/kimi-k2-0905,30,4.29,0
moonshotai/kimi-k2-0905,30,4.29,0
moonshotai/kimi-k2-0905,30,4.29,0
moonshotai/kimi-k2-0905,30,4.29,0
moonshotai/kimi-k2-0905,30,4.29,0
moonshotai/kimi-k2-0905,30,4.29,0
moonshotai/kimi-k2-0905,30,4.29,0
moonshotai/kimi-k2-0905,30,4.29,0
moonshotai/kimi-k2-0905,40,7.0,0
moonshotai/kimi-k2-0905,40,7.0,0
moonshotai/kimi-k2-0905,40,7.0,0
moonshotai/kimi-k2-0905,40,7.0,1
moonshotai/kimi-k2-0905,40,7.0,0
moonshotai/kimi-k2-0905,40,7.0,0
moonshotai/kimi-k2-0905,40,7.0,0
moonshotai/kimi-k2-0905,40,7.0,0
moonshotai/kimi-k2-0905,40,7.0,0
moonshotai/kimi-k2-0905,40,7.0,0
moonshotai/kimi-k2-0905,40,7.0,1
moonshotai/kimi-k2-0905,40,7.0,0
moonshotai/kimi-k2-0905,40,7.0,0
moonshotai/kimi-k2-0905,40,7.0,0
moonshotai/kimi-k2-0905,40,7.0,0
moonshotai/kimi-k2-0905,40,7.0,0
moonshotai/kimi-k2-0905,40,7.0,0
moonshotai/kimi-k2-0905,40,7.0,0
moonshotai/kimi-k2-0905,40,7.0,0
moonshotai/kimi-k2-0905,40,7.0,1
moonshotai/kimi-k2-0905,40,7.0,0
moonshotai/kimi-k2-0905,40,7.0,1
moonshotai/kimi-k2-0905,40,7.0,0
moonshotai/kimi-k2-0905,40,7.0,0
moonshotai/kimi-k2-0905,40,7.0,0
moonshotai/kimi-k2-0905,40,7.0,0
moonshotai/kimi-k2-0905,40,7.0,0
moonshotai/kimi-k2-0905,40,7.0,0
moonshotai/kimi-k2-0905,40,7.0,0
moonshotai/kimi-k2-0905,40,7.0,0
moonshotai/kimi-k2-0905,40,7.0,0
moonshotai/kimi-k2-0905,40,7.0,0
moonshotai/kimi-k2-0905,40,7.0,0
moonshotai/kimi-k2-0905,40,7.0,1
moonshotai/kimi-k2-0905,40,7.0,0
moonshotai/kimi-k2-0905,40,7.0,0
moonshotai/kimi-k2-0905,40,7.0,0
moonshotai/kimi-k2-0905,40,7.0,0
moonshotai/kimi-k2-0905,40,7.0,0
moonshotai/kimi-k2-0905,40,7.0,0
moonshotai/kimi-k2-0905,40,7.0,0
moonshotai/kimi-k2-0905,40,7.0,0
moonshotai/kimi-k2-0905,40,7.0,0
moonshotai/kimi-k2-0905,40,7.0,0
moonshotai/kimi-k2-0905,40,7.0,0
moonshotai/kimi-k2-0905,40,7.0,0
moonshotai/kimi-k2-0905,40,7.0,0
moonshotai/kimi-k2-0905,40,7.0,0
moonshotai/kimi-k2-0905,40,7.0,0
moonshotai/kimi-k2-0905,40,7.0,0
moonshotai/kimi-k2-0905,40,7.0,0
moonshotai/kimi-k2-0905,40,7.0,1
moonshotai/kimi-k2-0905,40,7.0,0
moonshotai/kimi-k2-0905,40,7.0,0
moonshotai/kimi-k2-0905,40,7.0,0
moonshotai/kimi-k2-0905,40,7.0,0
moonshotai/kimi-k2-0905,40,7.0,0
moonshotai/kimi-k2-0905,40,7.0,0
moonshotai/kimi-k2-0905,40,7.0,0
moonshotai/kimi-k2-0905,40,7.0,1
moonshotai/kimi-k2-0905,40,7.0,0
moonshotai/kimi-k2-0905,40,7.0,0
moonshotai/kimi-k2-0905,40,7.0,0
moonshotai/kimi-k2-0905,40,7.0,0
moonshotai/kimi-k2-0905,40,7.0,0
moonshotai/kimi-k2-0905,40,7.0,0
moonshotai/kimi-k2-0905,40,7.0,0
moonshotai/kimi-k2-0905,40,7.0,0
moonshotai/kimi-k2-0905,40,7.0,0
moonshotai/kimi-k2-0905,40,7.0,0
moonshotai/kimi-k2-0905,40,7.0,0
moonshotai/kimi-k2-0905,40,7.0,0
moonshotai/kimi-k2-0905,40,7.0,0
moonshotai/kimi-k2-0905,40,7.0,0
moonshotai/kimi-k2-0905,40,7.0,0
moonshotai/kimi-k2-0905,40,7.0,0
moonshotai/kimi-k2-0905,40,7.0,1
moonshotai/kimi-k2-0905,40,7.0,0
moonshotai/kimi-k2-0905,40,7.0,0
moonshotai/kimi-k2-0905,40,7.0,0
moonshotai/kimi-k2-0905,40,7.0,0
moonshotai/kimi-k2-0905,40,7.0,0
moonshotai/kimi-k2-0905,40,7.0,0
moonshotai/kimi-k2-0905,40,7.0,0
moonshotai/kimi-k2-0905,40,7.0,0
moonshotai/kimi-k2-0905,40,7.0,0
moonshotai/kimi-k2-0905,40,7.0,0
moonshotai/kimi-k2-0905,40,7.0,0
moonshotai/kimi-k2-0905,40,7.0,0
moonshotai/kimi-k2-0905,40,7.0,0
moonshotai/kimi-k2-0905,40,7.0,0
moonshotai/kimi-k2-0905,40,7.0,0
moonshotai/kimi-k2-0905,40,7.0,1
moonshotai/kimi-k2-0905,40,7.0,0
moonshotai/kimi-k2-0905,40,7.0,0
moonshotai/kimi-k2-0905,40,7.0,0
moonshotai/kimi-k2-0905,40,7.0,1
moonshotai/kimi-k2-0905,40,7.0,0
moonshotai/kimi-k2-0905,40,7.0,0
moonshotai/kimi-k2-0905,40,7.0,1
moonshotai/kimi-k2-0905,60,13.0,0
moonshotai/kimi-k2-0905,60,13.0,0
moonshotai/kimi-k2-0905,60,13.0,0
moonshotai/kimi-k2-0905,60,13.0,0
moonshotai/kimi-k2-0905,60,13.0,0
moonshotai/kimi-k2-0905,60,13.0,0
moonshotai/kimi-k2-0905,60,13.0,0
moonshotai/kimi-k2-0905,60,13.0,0
moonshotai/kimi-k2-0905,60,13.0,0
moonshotai/kimi-k2-0905,60,13.0,0
moonshotai/kimi-k2-0905,60,13.0,0
moonshotai/kimi-k2-0905,60,13.0,0
moonshotai/kimi-k2-0905,60,13.0,0
moonshotai/kimi-k2-0905,60,13.0,0
moonshotai/kimi-k2-0905,60,13.0,1
moonshotai/kimi-k2-0905,60,13.0,1
moonshotai/kimi-k2-0905,60,13.0,1
moonshotai/kimi-k2-0905,60,13.0,0
moonshotai/kimi-k2-0905,60,13.0,0
moonshotai/kimi-k2-0905,60,13.0,1
moonshotai/kimi-k2-0905,60,13.0,0
moonshotai/kimi-k2-0905,60,13.0,0
moonshotai/kimi-k2-0905,60,13.0,0
moonshotai/kimi-k2-0905,60,13.0,0
moonshotai/kimi-k2-0905,60,13.0,0
moonshotai/kimi-k2-0905,60,13.0,0
moonshotai/kimi-k2-0905,60,13.0,0
moonshotai/kimi-k2-0905,60,13.0,0
moonshotai/kimi-k2-0905,60,13.0,0
moonshotai/kimi-k2-0905,60,13.0,0
moonshotai/kimi-k2-0905,60,13.0,1
moonshotai/kimi-k2-0905,60,13.0,0
moonshotai/kimi-k2-0905,60,13.0,0
moonshotai/kimi-k2-0905,60,13.0,1
moonshotai/kimi-k2-0905,60,13.0,0
moonshotai/kimi-k2-0905,60,13.0,0
moonshotai/kimi-k2-0905,60,13.0,0
moonshotai/kimi-k2-0905,60,13.0,0
moonshotai/kimi-k2-0905,60,13.0,1
moonshotai/kimi-k2-0905,60,13.0,0
moonshotai/kimi-k2-0905,60,13.0,0
moonshotai/kimi-k2-0905,60,13.0,0
moonshotai/kimi-k2-0905,60,13.0,0
moonshotai/kimi-k2-0905,60,13.0,0
moonshotai/kimi-k2-0905,60,13.0,1
moonshotai/kimi-k2-0905,60,13.0,0
moonshotai/kimi-k2-0905,60,13.0,0
moonshotai/kimi-k2-0905,60,13.0,0
moonshotai/kimi-k2-0905,60,13.0,0
moonshotai/kimi-k2-0905,60,13.0,0
moonshotai/kimi-k2-0905,60,13.0,0
moonshotai/kimi-k2-0905,60,13.0,0
moonshotai/kimi-k2-0905,60,13.0,0
moonshotai/kimi-k2-0905,60,13.0,0
moonshotai/kimi-k2-0905,60,13.0,0
moonshotai/kimi-k2-0905,60,13.0,0
moonshotai/kimi-k2-0905,60,13.0,1
moonshotai/kimi-k2-0905,60,13.0,0
moonshotai/kimi-k2-0905,60,13.0,0
moonshotai/kimi-k2-0905,60,13.0,1
moonshotai/kimi-k2-0905,60,13.0,0
moonshotai/kimi-k2-0905,60,13.0,0
moonshotai/kimi-k2-0905,60,13.0,0
moonshotai/kimi-k2-0905,60,13.0,0
moonshotai/kimi-k2-0905,60,13.0,0
moonshotai/kimi-k2-0905,60,13.0,1
moonshotai/kimi-k2-0905,60,13.0,0
moonshotai/kimi-k2-0905,60,13.0,0
moonshotai/kimi-k2-0905,60,13.0,0
moonshotai/kimi-k2-0905,60,13.0,0
moonshotai/kimi-k2-0905,60,13.0,0
moonshotai/kimi-k2-0905,60,13.0,1
moonshotai/kimi-k2-0905,60,13.0,0
moonshotai/kimi-k2-0905,60,13.0,0
moonshotai/kimi-k2-0905,60,13.0,0
moonshotai/kimi-k2-0905,60,13.0,0
moonshotai/kimi-k2-0905,60,13.0,1
moonshotai/kimi-k2-0905,60,13.0,0
moonshotai/kimi-k2-0905,60,13.0,0
moonshotai/kimi-k2-0905,60,13.0,1
moonshotai/kimi-k2-0905,60,13.0,0
moonshotai/kimi-k2-0905,60,13.0,0
moonshotai/kimi-k2-0905,60,13.0,0
moonshotai/kimi-k2-0905,60,13.0,0
moonshotai/kimi-k2-0905,60,13.0,0
moonshotai/kimi-k2-0905,60,13.0,0
moonshotai/kimi-k2-0905,60,13.0,0
moonshotai/kimi-k2-0905,60,13.0,0
moonshotai/kimi-k2-0905,60,13.0,0
moonshotai/kimi-k2-0905,60,13.0,0
moonshotai/kimi-k2-0905,60,13.0,0
moonshotai/kimi-k2-0905,60,13.0,0
moonshotai/kimi-k2-0905,60,13.0,0
moonshotai/kimi-k2-0905,60,13.0,0
moonshotai/kimi-k2-0905,60,13.0,0
moonshotai/kimi-k2-0905,60,13.0,0
moonshotai/kimi-k2-0905,60,13.0,0
moonshotai/kimi-k2-0905,60,13.0,0
moonshotai/kimi-k2-0905,60,13.0,0
moonshotai/kimi-k2-0905,60,13.0,0
qwen/qwen3-vl-8b-instruct,1,0.1,1
qwen/qwen3-vl-8b-instruct,1,0.1,1
qwen/qwen3-vl-8b-instruct,1,0.1,1
qwen/qwen3-vl-8b-instruct,1,0.1,1
qwen/qwen3-vl-8b-instruct,1,0.1,1
qwen/qwen3-vl-8b-instruct,1,0.1,1
qwen/qwen3-vl-8b-instruct,1,0.1,1
qwen/qwen3-vl-8b-instruct,1,0.1,1
qwen/qwen3-vl-8b-instruct,1,0.1,1
qwen/qwen3-vl-8b-instruct,1,0.1,1
qwen/qwen3-vl-8b-instruct,1,0.1,1
qwen/qwen3-vl-8b-instruct,1,0.1,1
qwen/qwen3-vl-8b-instruct,1,0.1,1
qwen/qwen3-vl-8b-instruct,1,0.1,1
qwen/qwen3-vl-8b-instruct,1,0.1,1
qwen/qwen3-vl-8b-instruct,1,0.1,1
qwen/qwen3-vl-8b-instruct,1,0.1,1
qwen/qwen3-vl-8b-instruct,1,0.1,1
qwen/qwen3-vl-8b-instruct,1,0.1,1
qwen/qwen3-vl-8b-instruct,1,0.1,1
qwen/qwen3-vl-8b-instruct,1,0.1,1
qwen/qwen3-vl-8b-instruct,1,0.1,1
qwen/qwen3-vl-8b-instruct,1,0.1,1
qwen/qwen3-vl-8b-instruct,1,0.1,1
qwen/qwen3-vl-8b-instruct,1,0.1,1
qwen/qwen3-vl-8b-instruct,1,0.1,1
qwen/qwen3-vl-8b-instruct,1,0.1,1
qwen/qwen3-vl-8b-instruct,1,0.1,1
qwen/qwen3-vl-8b-instruct,1,0.1,1
qwen/qwen3-vl-8b-instruct,1,0.1,1
qwen/qwen3-vl-8b-instruct,1,0.1,1
qwen/qwen3-vl-8b-instruct,1,0.1,1
qwen/qwen3-vl-8b-instruct,1,0.1,1
qwen/qwen3-vl-8b-instruct,1,0.1,1
qwen/qwen3-vl-8b-instruct,1,0.1,1
qwen/qwen3-vl-8b-instruct,1,0.1,1
qwen/qwen3-vl-8b-instruct,1,0.1,1
qwen/qwen3-vl-8b-instruct,1,0.1,1
qwen/qwen3-vl-8b-instruct,1,0.1,1
qwen/qwen3-vl-8b-instruct,1,0.1,1
qwen/qwen3-vl-8b-instruct,1,0.1,1
qwen/qwen3-vl-8b-instruct,1,0.1,1
qwen/qwen3-vl-8b-instruct,1,0.1,1
qwen/qwen3-vl-8b-instruct,1,0.1,1
qwen/qwen3-vl-8b-instruct,1,0.1,1
qwen/qwen3-vl-8b-instruct,1,0.1,1
qwen/qwen3-vl-8b-instruct,1,0.1,1
qwen/qwen3-vl-8b-instruct,1,0.1,1
qwen/qwen3-vl-8b-instruct,1,0.1,1
qwen/qwen3-vl-8b-instruct,1,0.1,1
qwen/qwen3-vl-8b-instruct,1,0.1,1
qwen/qwen3-vl-8b-instruct,1,0.1,1
qwen/qwen3-vl-8b-instruct,99,990.0,0
qwen/qwen3-vl-8b-instruct,99,990.0,0
qwen/qwen3-vl-8b-instruct,99,990.0,0
qwen/qwen3-vl-8b-instruct,99,990.0,0
qwen/qwen3-vl-8b-instruct,99,990.0,1
qwen/qwen3-vl-8b-instruct,99,990.0,0
qwen/qwen3-vl-8b-instruct,99,990.0,0
qwen/qwen3-vl-8b-instruct,99,990.0,0
qwen/qwen3-vl-8b-instruct,99,990.0,0
qwen/qwen3-vl-8b-instruct,99,990.0,0
qwen/qwen3-vl-8b-instruct,99,990.0,0
qwen/qwen3-vl-8b-instruct,99,990.0,1
qwen/qwen3-vl-8b-instruct,99,990.0,0
qwen/qwen3-vl-8b-instruct,99,990.0,0
qwen/qwen3-vl-8b-instruct,99,990.0,0
qwen/qwen3-vl-8b-instruct,99,990.0,0
qwen/qwen3-vl-8b-instruct,99,990.0,0
qwen/qwen3-vl-8b-instruct,99,990.0,0
qwen/qwen3-vl-8b-instruct,99,990.0,0
qwen/qwen3-vl-8b-instruct,99,990.0,0
qwen/qwen3-vl-8b-instruct,20,2.5,0
qwen/qwen3-vl-8b-instruct,20,2.5,1
qwen/qwen3-vl-8b-instruct,20,2.5,1
qwen/qwen3-vl-8b-instruct,20,2.5,1
qwen/qwen3-vl-8b-instruct,20,2.5,1
qwen/qwen3-vl-8b-instruct,20,2.5,1
qwen/qwen3-vl-8b-instruct,20,2.5,1
qwen/qwen3-vl-8b-instruct,20,2.5,1
qwen/qwen3-vl-8b-instruct,20,2.5,1
qwen/qwen3-vl-8b-instruct,20,2.5,1
qwen/qwen3-vl-8b-instruct,20,2.5,1
qwen/qwen3-vl-8b-instruct,20,2.5,1
qwen/qwen3-vl-8b-instruct,20,2.5,0
qwen/qwen3-vl-8b-instruct,20,2.5,1
qwen/qwen3-vl-8b-instruct,20,2.5,1
qwen/qwen3-vl-8b-instruct,20,2.5,1
qwen/qwen3-vl-8b-instruct,20,2.5,1
qwen/qwen3-vl-8b-instruct,20,2.5,1
qwen/qwen3-vl-8b-instruct,20,2.5,1
qwen/qwen3-vl-8b-instruct,20,2.5,1
qwen/qwen3-vl-8b-instruct,20,2.5,1
qwen/qwen3-vl-8b-instruct,20,2.5,1
qwen/qwen3-vl-8b-instruct,20,2.5,1
qwen/qwen3-vl-8b-instruct,20,2.5,1
qwen/qwen3-vl-8b-instruct,20,2.5,1
qwen/qwen3-vl-8b-instruct,20,2.5,1
qwen/qwen3-vl-8b-instruct,20,2.5,1
qwen/qwen3-vl-8b-instruct,20,2.5,1
qwen/qwen3-vl-8b-instruct,20,2.5,1
qwen/qwen3-vl-8b-instruct,20,2.5,1
qwen/qwen3-vl-8b-instruct,20,2.5,1
qwen/qwen3-vl-8b-instruct,20,2.5,1
qwen/qwen3-vl-8b-instruct,20,2.5,1
qwen/qwen3-vl-8b-instruct,20,2.5,1
qwen/qwen3-vl-8b-instruct,20,2.5,1
qwen/qwen3-vl-8b-instruct,20,2.5,1
qwen/qwen3-vl-8b-instruct,20,2.5,1
qwen/qwen3-vl-8b-instruct,20,2.5,1
qwen/qwen3-vl-8b-instruct,20,2.5,1
qwen/qwen3-vl-8b-instruct,20,2.5,1
qwen/qwen3-vl-8b-instruct,20,2.5,1
qwen/qwen3-vl-8b-instruct,20,2.5,1
qwen/qwen3-vl-8b-instruct,20,2.5,1
qwen/qwen3-vl-8b-instruct,20,2.5,1
qwen/qwen3-vl-8b-instruct,20,2.5,1
qwen/qwen3-vl-8b-instruct,20,2.5,1
qwen/qwen3-vl-8b-instruct,20,2.5,1
qwen/qwen3-vl-8b-instruct,20,2.5,1
qwen/qwen3-vl-8b-instruct,20,2.5,1
qwen/qwen3-vl-8b-instruct,20,2.5,1
qwen/qwen3-vl-8b-instruct,20,2.5,1
qwen/qwen3-vl-8b-instruct,20,2.5,1
qwen/qwen3-vl-8b-instruct,20,2.5,1
qwen/qwen3-vl-8b-instruct,20,2.5,1
qwen/qwen3-vl-8b-instruct,30,4.29,1
qwen/qwen3-vl-8b-instruct,30,4.29,1
qwen/qwen3-vl-8b-instruct,30,4.29,1
qwen/qwen3-vl-8b-instruct,30,4.29,1
qwen/qwen3-vl-8b-instruct,30,4.29,1
qwen/qwen3-vl-8b-instruct,30,4.29,1
qwen/qwen3-vl-8b-instruct,30,4.29,1
qwen/qwen3-vl-8b-instruct,30,4.29,1
qwen/qwen3-vl-8b-instruct,30,4.29,1
qwen/qwen3-vl-8b-instruct,30,4.29,1
qwen/qwen3-vl-8b-instruct,30,4.29,1
qwen/qwen3-vl-8b-instruct,30,4.29,1
qwen/qwen3-vl-8b-instruct,30,4.29,1
qwen/qwen3-vl-8b-instruct,30,4.29,1
qwen/qwen3-vl-8b-instruct,30,4.29,1
qwen/qwen3-vl-8b-instruct,30,4.29,1
qwen/qwen3-vl-8b-instruct,30,4.29,1
qwen/qwen3-vl-8b-instruct,30,4.29,1
qwen/qwen3-vl-8b-instruct,30,4.29,1
qwen/qwen3-vl-8b-instruct,30,4.29,1
qwen/qwen3-vl-8b-instruct,30,4.29,1
qwen/qwen3-vl-8b-instruct,30,4.29,1
qwen/qwen3-vl-8b-instruct,30,4.29,1
qwen/qwen3-vl-8b-instruct,30,4.29,1
qwen/qwen3-vl-8b-instruct,30,4.29,0
qwen/qwen3-vl-8b-instruct,30,4.29,0
qwen/qwen3-vl-8b-instruct,30,4.29,1
qwen/qwen3-vl-8b-instruct,30,4.29,1
qwen/qwen3-vl-8b-instruct,30,4.29,1
qwen/qwen3-vl-8b-instruct,30,4.29,1
qwen/qwen3-vl-8b-instruct,30,4.29,1
qwen/qwen3-vl-8b-instruct,30,4.29,1
qwen/qwen3-vl-8b-instruct,30,4.29,1
qwen/qwen3-vl-8b-instruct,30,4.29,1
qwen/qwen3-vl-8b-instruct,30,4.29,1
qwen/qwen3-vl-8b-instruct,30,4.29,1
qwen/qwen3-vl-8b-instruct,30,4.29,1
qwen/qwen3-vl-8b-instruct,30,4.29,1
qwen/qwen3-vl-8b-instruct,30,4.29,1
qwen/qwen3-vl-8b-instruct,30,4.29,1
qwen/qwen3-vl-8b-instruct,30,4.29,1
qwen/qwen3-vl-8b-instruct,30,4.29,1
qwen/qwen3-vl-8b-instruct,30,4.29,1
qwen/qwen3-vl-8b-instruct,30,4.29,1
qwen/qwen3-vl-8b-instruct,30,4.29,1
qwen/qwen3-vl-8b-instruct,30,4.29,1
qwen/qwen3-vl-8b-instruct,30,4.29,1
qwen/qwen3-vl-8b-instruct,30,4.29,1
qwen/qwen3-vl-8b-instruct,30,4.29,1
qwen/qwen3-vl-8b-instruct,30,4.29,1
qwen/qwen3-vl-8b-instruct,30,4.29,1
qwen/qwen3-vl-8b-instruct,30,4.29,1
qwen/qwen3-vl-8b-instruct,30,4.29,1
qwen/qwen3-vl-8b-instruct,30,4.29,1
qwen/qwen3-vl-8b-instruct,30,4.29,0
qwen/qwen3-vl-8b-instruct,30,4.29,0
qwen/qwen3-vl-8b-instruct,30,4.29,1
qwen/qwen3-vl-8b-instruct,30,4.29,1
qwen/qwen3-vl-8b-instruct,30,4.29,1
qwen/qwen3-vl-8b-instruct,30,4.29,1
qwen/qwen3-vl-8b-instruct,30,4.29,1
qwen/qwen3-vl-8b-instruct,30,4.29,1
qwen/qwen3-vl-8b-instruct,30,4.29,1
qwen/qwen3-vl-8b-instruct,30,4.29,1
qwen/qwen3-vl-8b-instruct,30,4.29,1
qwen/qwen3-vl-8b-instruct,30,4.29,1
qwen/qwen3-vl-8b-instruct,30,4.29,0
qwen/qwen3-vl-8b-instruct,30,4.29,1
qwen/qwen3-vl-8b-instruct,30,4.29,1
qwen/qwen3-vl-8b-instruct,30,4.29,1
qwen/qwen3-vl-8b-instruct,30,4.29,1
qwen/qwen3-vl-8b-instruct,30,4.29,1
qwen/qwen3-vl-8b-instruct,30,4.29,1
qwen/qwen3-vl-8b-instruct,30,4.29,1
qwen/qwen3-vl-8b-instruct,30,4.29,1
qwen/qwen3-vl-8b-instruct,30,4.29,1
qwen/qwen3-vl-8b-instruct,30,4.29,1
qwen/qwen3-vl-8b-instruct,30,4.29,1
qwen/qwen3-vl-8b-instruct,30,4.29,1
qwen/qwen3-vl-8b-instruct,30,4.29,1
qwen/qwen3-vl-8b-instruct,30,4.29,1
qwen/qwen3-vl-8b-instruct,30,4.29,1
qwen/qwen3-vl-8b-instruct,30,4.29,1
qwen/qwen3-vl-8b-instruct,30,4.29,1
qwen/qwen3-vl-8b-instruct,30,4.29,1
qwen/qwen3-vl-8b-instruct,30,4.29,1
qwen/qwen3-vl-8b-instruct,30,4.29,1
qwen/qwen3-vl-8b-instruct,30,4.29,1
qwen/qwen3-vl-8b-instruct,40,7.0,1
qwen/qwen3-vl-8b-instruct,40,7.0,1
qwen/qwen3-vl-8b-instruct,40,7.0,1
qwen/qwen3-vl-8b-instruct,40,7.0,1
qwen/qwen3-vl-8b-instruct,40,7.0,1
qwen/qwen3-vl-8b-instruct,40,7.0,1
qwen/qwen3-vl-8b-instruct,40,7.0,1
qwen/qwen3-vl-8b-instruct,40,7.0,1
qwen/qwen3-vl-8b-instruct,40,7.0,0
qwen/qwen3-vl-8b-instruct,40,7.0,1
qwen/qwen3-vl-8b-instruct,40,7.0,1
qwen/qwen3-vl-8b-instruct,40,7.0,1
qwen/qwen3-vl-8b-instruct,40,7.0,1
qwen/qwen3-vl-8b-instruct,40,7.0,1
qwen/qwen3-vl-8b-instruct,40,7.0,1
qwen/qwen3-vl-8b-instruct,40,7.0,1
qwen/qwen3-vl-8b-instruct,40,7.0,1
qwen/qwen3-vl-8b-instruct,40,7.0,1
qwen/qwen3-vl-8b-instruct,40,7.0,1
qwen/qwen3-vl-8b-instruct,40,7.0,1
qwen/qwen3-vl-8b-instruct,40,7.0,1
qwen/qwen3-vl-8b-instruct,40,7.0,1
qwen/qwen3-vl-8b-instruct,40,7.0,1
qwen/qwen3-vl-8b-instruct,40,7.0,1
qwen/qwen3-vl-8b-instruct,40,7.0,1
qwen/qwen3-vl-8b-instruct,40,7.0,1
qwen/qwen3-vl-8b-instruct,40,7.0,1
qwen/qwen3-vl-8b-instruct,40,7.0,1
qwen/qwen3-vl-8b-instruct,40,7.0,1
qwen/qwen3-vl-8b-instruct,40,7.0,1
qwen/qwen3-vl-8b-instruct,40,7.0,1
qwen/qwen3-vl-8b-instruct,40,7.0,1
qwen/qwen3-vl-8b-instruct,40,7.0,1
qwen/qwen3-vl-8b-instruct,40,7.0,1
qwen/qwen3-vl-8b-instruct,40,7.0,1
qwen/qwen3-vl-8b-instruct,40,7.0,1
qwen/qwen3-vl-8b-instruct,40,7.0,1
qwen/qwen3-vl-8b-instruct,40,7.0,1
qwen/qwen3-vl-8b-instruct,40,7.0,1
qwen/qwen3-vl-8b-instruct,40,7.0,1
qwen/qwen3-vl-8b-instruct,40,7.0,1
qwen/qwen3-vl-8b-instruct,40,7.0,1
qwen/qwen3-vl-8b-instruct,40,7.0,1
qwen/qwen3-vl-8b-instruct,40,7.0,1
qwen/qwen3-vl-8b-instruct,40,7.0,1
qwen/qwen3-vl-8b-instruct,40,7.0,1
qwen/qwen3-vl-8b-instruct,40,7.0,1
qwen/qwen3-vl-8b-instruct,40,7.0,1
qwen/qwen3-vl-8b-instruct,40,7.0,1
qwen/qwen3-vl-8b-instruct,40,7.0,1
qwen/qwen3-vl-8b-instruct,40,7.0,1
qwen/qwen3-vl-8b-instruct,40,7.0,1
qwen/qwen3-vl-8b-instruct,40,7.0,1
qwen/qwen3-vl-8b-instruct,40,7.0,1
qwen/qwen3-vl-8b-instruct,40,7.0,1
qwen/qwen3-vl-8b-instruct,40,7.0,1
qwen/qwen3-vl-8b-instruct,40,7.0,1
qwen/qwen3-vl-8b-instruct,40,7.0,1
qwen/qwen3-vl-8b-instruct,40,7.0,1
qwen/qwen3-vl-8b-instruct,40,7.0,1
qwen/qwen3-vl-8b-instruct,40,7.0,1
qwen/qwen3-vl-8b-instruct,40,7.0,1
qwen/qwen3-vl-8b-instruct,40,7.0,1
qwen/qwen3-vl-8b-instruct,40,7.0,1
qwen/qwen3-vl-8b-instruct,40,7.0,1
qwen/qwen3-vl-8b-instruct,40,7.0,1
qwen/qwen3-vl-8b-instruct,40,7.0,1
qwen/qwen3-vl-8b-instruct,40,7.0,1
qwen/qwen3-vl-8b-instruct,40,7.0,1
qwen/qwen3-vl-8b-instruct,40,7.0,1
qwen/qwen3-vl-8b-instruct,40,7.0,1
qwen/qwen3-vl-8b-instruct,40,7.0,1
qwen/qwen3-vl-8b-instruct,40,7.0,1
qwen/qwen3-vl-8b-instruct,40,7.0,1
qwen/qwen3-vl-8b-instruct,40,7.0,1
qwen/qwen3-vl-8b-instruct,40,7.0,1
qwen/qwen3-vl-8b-instruct,40,7.0,1
qwen/qwen3-vl-8b-instruct,40,7.0,1
qwen/qwen3-vl-8b-instruct,40,7.0,1
qwen/qwen3-vl-8b-instruct,40,7.0,1
qwen/qwen3-vl-8b-instruct,40,7.0,1
qwen/qwen3-vl-8b-instruct,40,7.0,1
qwen/qwen3-vl-8b-instruct,40,7.0,1
qwen/qwen3-vl-8b-instruct,40,7.0,1
qwen/qwen3-vl-8b-instruct,40,7.0,1
qwen/qwen3-vl-8b-instruct,40,7.0,1
qwen/qwen3-vl-8b-instruct,40,7.0,1
qwen/qwen3-vl-8b-instruct,40,7.0,1
qwen/qwen3-vl-8b-instruct,60,13.0,1
qwen/qwen3-vl-8b-instruct,60,13.0,0
qwen/qwen3-vl-8b-instruct,60,13.0,0
qwen/qwen3-vl-8b-instruct,60,13.0,0
qwen/qwen3-vl-8b-instruct,60,13.0,0
qwen/qwen3-vl-8b-instruct,60,13.0,0
qwen/qwen3-vl-8b-instruct,60,13.0,1
qwen/qwen3-vl-8b-instruct,60,13.0,0
qwen/qwen3-vl-8b-instruct,60,13.0,0
qwen/qwen3-vl-8b-instruct,60,13.0,0
qwen/qwen3-vl-8b-instruct,60,13.0,0
qwen/qwen3-vl-8b-instruct,60,13.0,0
qwen/qwen3-vl-8b-instruct,60,13.0,0
qwen/qwen3-vl-8b-instruct,60,13.0,0
qwen/qwen3-vl-8b-instruct,60,13.0,0
qwen/qwen3-vl-8b-instruct,60,13.0,0
qwen/qwen3-vl-8b-instruct,60,13.0,0
qwen/qwen3-vl-8b-instruct,60,13.0,0
qwen/qwen3-vl-8b-instruct,60,13.0,0
qwen/qwen3-vl-8b-instruct,60,13.0,0
qwen/qwen3-vl-8b-instruct,60,13.0,1
qwen/qwen3-vl-8b-instruct,60,13.0,1
qwen/qwen3-vl-8b-instruct,60,13.0,0
qwen/qwen3-vl-8b-instruct,60,13.0,0
qwen/qwen3-vl-8b-instruct,60,13.0,0
qwen/qwen3-vl-8b-instruct,60,13.0,0
qwen/qwen3-vl-8b-instruct,60,13.0,0
qwen/qwen3-vl-8b-instruct,60,13.0,1
qwen/qwen3-vl-8b-instruct,60,13.0,0
qwen/qwen3-vl-8b-instruct,60,13.0,0
qwen/qwen3-vl-8b-instruct,60,13.0,0
qwen/qwen3-vl-8b-instruct,60,13.0,0
qwen/qwen3-vl-8b-instruct,60,13.0,0
qwen/qwen3-vl-8b-instruct,60,13.0,0
qwen/qwen3-vl-8b-instruct,60,13.0,0
qwen/qwen3-vl-8b-instruct,60,13.0,0
qwen/qwen3-vl-8b-instruct,60,13.0,0
qwen/qwen3-vl-8b-instruct,60,13.0,0
qwen/qwen3-vl-8b-instruct,60,13.0,0
qwen/qwen3-vl-8b-instruct,60,13.0,0
qwen/qwen3-vl-8b-instruct,60,13.0,0
qwen/qwen3-vl-8b-instruct,60,13.0,1
qwen/qwen3-vl-8b-instruct,60,13.0,0
qwen/qwen3-vl-8b-instruct,60,13.0,0
qwen/qwen3-vl-8b-instruct,60,13.0,0
qwen/qwen3-vl-8b-instruct,60,13.0,0
qwen/qwen3-vl-8b-instruct,60,13.0,0
qwen/qwen3-vl-8b-instruct,60,13.0,0
qwen/qwen3-vl-8b-instruct,60,13.0,0
qwen/qwen3-vl-8b-instruct,60,13.0,1
qwen/qwen3-vl-8b-instruct,60,13.0,0
qwen/qwen3-vl-8b-instruct,60,13.0,0
qwen/qwen3-vl-8b-instruct,60,13.0,0
qwen/qwen3-vl-8b-instruct,60,13.0,0
qwen/qwen3-vl-8b-instruct,60,13.0,0
qwen/qwen3-vl-8b-instruct,60,13.0,0
qwen/qwen3-vl-8b-instruct,60,13.0,1
qwen/qwen3-vl-8b-instruct,60,13.0,0
qwen/qwen3-vl-8b-instruct,60,13.0,0
qwen/qwen3-vl-8b-instruct,60,13.0,0
qwen/qwen3-vl-8b-instruct,60,13.0,0
qwen/qwen3-vl-8b-instruct,60,13.0,0
qwen/qwen3-vl-8b-instruct,60,13.0,0
qwen/qwen3-vl-8b-instruct,60,13.0,0
qwen/qwen3-vl-8b-instruct,60,13.0,0
qwen/qwen3-vl-8b-instruct,60,13.0,1
qwen/qwen3-vl-8b-instruct,60,13.0,0
qwen/qwen3-vl-8b-instruct,60,13.0,0
qwen/qwen3-vl-8b-instruct,60,13.0,1
qwen/qwen3-vl-8b-instruct,60,13.0,0
qwen/qwen3-vl-8b-instruct,60,13.0,0
qwen/qwen3-vl-8b-instruct,60,13.0,0
qwen/qwen3-vl-8b-instruct,60,13.0,0
qwen/qwen3-vl-8b-instruct,60,13.0,0
qwen/qwen3-vl-8b-instruct,60,13.0,0
qwen/qwen3-vl-8b-instruct,60,13.0,0
qwen/qwen3-vl-8b-instruct,60,13.0,0
qwen/qwen3-vl-8b-instruct,60,13.0,0
qwen/qwen3-vl-8b-instruct,60,13.0,0
qwen/qwen3-vl-8b-instruct,60,13.0,0
qwen/qwen3-vl-8b-instruct,60,13.0,0
qwen/qwen3-vl-8b-instruct,60,13.0,0
qwen/qwen3-vl-8b-instruct,60,13.0,0
qwen/qwen3-vl-8b-instruct,60,13.0,0
qwen/qwen3-vl-8b-instruct,30,4.29,1
qwen/qwen3-vl-8b-instruct,30,4.29,1
qwen/qwen3-vl-8b-instruct,30,4.29,1
qwen/qwen3-vl-8b-instruct,30,4.29,1
qwen/qwen3-vl-8b-instruct,30,4.29,1
qwen/qwen3-vl-8b-instruct,30,4.29,1
qwen/qwen3-vl-8b-instruct,30,4.29,0
qwen/qwen3-vl-8b-instruct,30,4.29,1
qwen/qwen3-vl-8b-instruct,30,4.29,1
qwen/qwen3-vl-8b-instruct,30,4.29,0
qwen/qwen3-vl-8b-instruct,30,4.29,1
qwen/qwen3-vl-8b-instruct,30,4.29,0
qwen/qwen3-vl-8b-instruct,40,7.0,1
qwen/qwen3-vl-8b-instruct,40,7.0,1
qwen/qwen3-vl-8b-instruct,40,7.0,1
qwen/qwen3-vl-8b-instruct,40,7.0,1
qwen/qwen3-vl-8b-instruct,40,7.0,1
qwen/qwen3-vl-8b-instruct,40,7.0,1
qwen/qwen3-vl-8b-instruct,40,7.0,1
qwen/qwen3-vl-8b-instruct,40,7.0,1
qwen/qwen3-vl-8b-instruct,40,7.0,1
qwen/qwen3-vl-8b-instruct,40,7.0,1
qwen/qwen3-vl-8b-instruct,40,7.0,1
qwen/qwen3-vl-8b-instruct,40,7.0,1
qwen/qwen3-vl-8b-instruct,1,0.1,1
qwen/qwen3-vl-8b-instruct,99,990.0,1
qwen/qwen3-vl-8b-instruct,99,990.0,0
qwen/qwen3-vl-8b-instruct,99,990.0,1
qwen/qwen3-vl-8b-instruct,99,990.0,0
qwen/qwen3-vl-8b-instruct,99,990.0,0
qwen/qwen3-vl-8b-instruct,99,990.0,0
qwen/qwen3-vl-8b-instruct,99,990.0,0
qwen/qwen3-vl-8b-instruct,99,990.0,0
qwen/qwen3-vl-8b-instruct,99,990.0,0
qwen/qwen3-vl-8b-instruct,20,2.5,1
qwen/qwen3-vl-8b-instruct,20,2.5,1
qwen/qwen3-vl-8b-instruct,60,13.0,0
qwen/qwen3-vl-8b-instruct,60,13.0,0
qwen/qwen3-vl-8b-instruct,60,13.0,0
qwen/qwen3-vl-8b-instruct,60,13.0,0
qwen/qwen3-vl-8b-instruct,60,13.0,0
qwen/qwen3-vl-8b-instruct,60,13.0,0
qwen/qwen3-vl-8b-instruct,60,13.0,0
qwen/qwen3-vl-8b-instruct,60,13.0,0
qwen/qwen3-vl-8b-instruct,60,13.0,0
qwen/qwen3-vl-8b-instruct,60,13.0,0
qwen/qwen3-vl-8b-instruct,60,13.0,0
qwen/qwen3-vl-8b-instruct,60,13.0,0
qwen/qwen3-vl-8b-instruct,60,13.0,0
qwen/qwen3-vl-8b-instruct,1,0.1,0
qwen/qwen3-vl-8b-instruct,1,0.1,1
qwen/qwen3-vl-8b-instruct,1,0.1,1
qwen/qwen3-vl-8b-instruct,1,0.1,0
qwen/qwen3-vl-8b-instruct,1,0.1,1
qwen/qwen3-vl-8b-instruct,1,0.1,0
qwen/qwen3-vl-8b-instruct,1,0.1,0
qwen/qwen3-vl-8b-instruct,1,0.1,0
qwen/qwen3-vl-8b-instruct,1,0.1,0
qwen/qwen3-vl-8b-instruct,1,0.1,0
qwen/qwen3-vl-8b-instruct,1,0.1,0
qwen/qwen3-vl-8b-instruct,1,0.1,1
qwen/qwen3-vl-8b-instruct,1,0.1,0
qwen/qwen3-vl-8b-instruct,1,0.1,1
qwen/qwen3-vl-8b-instruct,1,0.1,1
qwen/qwen3-vl-8b-instruct,1,0.1,0
qwen/qwen3-vl-8b-instruct,1,0.1,1
qwen/qwen3-vl-8b-instruct,1,0.1,0
qwen/qwen3-vl-8b-instruct,1,0.1,1
qwen/qwen3-vl-8b-instruct,1,0.1,0
qwen/qwen3-vl-8b-instruct,1,0.1,0
qwen/qwen3-vl-8b-instruct,1,0.1,1
qwen/qwen3-vl-8b-instruct,1,0.1,0
qwen/qwen3-vl-8b-instruct,1,0.1,0
qwen/qwen3-vl-8b-instruct,1,0.1,1
qwen/qwen3-vl-8b-instruct,1,0.1,0
qwen/qwen3-vl-8b-instruct,1,0.1,1
qwen/qwen3-vl-8b-instruct,1,0.1,1
qwen/qwen3-vl-8b-instruct,1,0.1,1
qwen/qwen3-vl-8b-instruct,1,0.1,0
qwen/qwen3-vl-8b-instruct,1,0.1,1
qwen/qwen3-vl-8b-instruct,1,0.1,1
qwen/qwen3-vl-8b-instruct,1,0.1,0
qwen/qwen3-vl-8b-instruct,1,0.1,1
qwen/qwen3-vl-8b-instruct,1,0.1,0
qwen/qwen3-vl-8b-instruct,1,0.1,1
qwen/qwen3-vl-8b-instruct,1,0.1,0
qwen/qwen3-vl-8b-instruct,1,0.1,1
qwen/qwen3-vl-8b-instruct,1,0.1,1
qwen/qwen3-vl-8b-instruct,1,0.1,0
qwen/qwen3-vl-8b-instruct,1,0.1,0
qwen/qwen3-vl-8b-instruct,1,0.1,1
qwen/qwen3-vl-8b-instruct,1,0.1,0
qwen/qwen3-vl-8b-instruct,1,0.1,1
qwen/qwen3-vl-8b-instruct,1,0.1,1
qwen/qwen3-vl-8b-instruct,1,0.1,1
qwen/qwen3-vl-8b-instruct,1,0.1,1
qwen/qwen3-vl-8b-instruct,99,990.0,0
qwen/qwen3-vl-8b-instruct,99,990.0,0
qwen/qwen3-vl-8b-instruct,99,990.0,0
qwen/qwen3-vl-8b-instruct,99,990.0,0
qwen/qwen3-vl-8b-instruct,99,990.0,0
qwen/qwen3-vl-8b-instruct,99,990.0,1
qwen/qwen3-vl-8b-instruct,99,990.0,0
qwen/qwen3-vl-8b-instruct,99,990.0,0
qwen/qwen3-vl-8b-instruct,99,990.0,0
qwen/qwen3-vl-8b-instruct,99,990.0,0
qwen/qwen3-vl-8b-instruct,99,990.0,0
qwen/qwen3-vl-8b-instruct,99,990.0,0
qwen/qwen3-vl-8b-instruct,99,990.0,0
qwen/qwen3-vl-8b-instruct,20,2.5,1
qwen/qwen3-vl-8b-instruct,20,2.5,1
qwen/qwen3-vl-8b-instruct,20,2.5,0
qwen/qwen3-vl-8b-instruct,20,2.5,0
qwen/qwen3-vl-8b-instruct,20,2.5,1
qwen/qwen3-vl-8b-instruct,20,2.5,0
qwen/qwen3-vl-8b-instruct,20,2.5,0
qwen/qwen3-vl-8b-instruct,20,2.5,1
qwen/qwen3-vl-8b-instruct,20,2.5,0
qwen/qwen3-vl-8b-instruct,20,2.5,0
qwen/qwen3-vl-8b-instruct,20,2.5,1
qwen/qwen3-vl-8b-instruct,20,2.5,1
qwen/qwen3-vl-8b-instruct,20,2.5,0
qwen/qwen3-vl-8b-instruct,20,2.5,1
qwen/qwen3-vl-8b-instruct,20,2.5,0
qwen/qwen3-vl-8b-instruct,20,2.5,1
qwen/qwen3-vl-8b-instruct,20,2.5,1
qwen/qwen3-vl-8b-instruct,20,2.5,1
qwen/qwen3-vl-8b-instruct,20,2.5,1
qwen/qwen3-vl-8b-instruct,20,2.5,1
qwen/qwen3-vl-8b-instruct,20,2.5,1
qwen/qwen3-vl-8b-instruct,20,2.5,1
qwen/qwen3-vl-8b-instruct,20,2.5,1
qwen/qwen3-vl-8b-instruct,20,2.5,0
qwen/qwen3-vl-8b-instruct,20,2.5,0
qwen/qwen3-vl-8b-instruct,20,2.5,0
qwen/qwen3-vl-8b-instruct,20,2.5,1
qwen/qwen3-vl-8b-instruct,20,2.5,0
qwen/qwen3-vl-8b-instruct,20,2.5,1
qwen/qwen3-vl-8b-instruct,20,2.5,1
qwen/qwen3-vl-8b-instruct,20,2.5,1
qwen/qwen3-vl-8b-instruct,20,2.5,0
qwen/qwen3-vl-8b-instruct,20,2.5,0
qwen/qwen3-vl-8b-instruct,20,2.5,1
qwen/qwen3-vl-8b-instruct,20,2.5,1
qwen/qwen3-vl-8b-instruct,20,2.5,0
qwen/qwen3-vl-8b-instruct,20,2.5,1
qwen/qwen3-vl-8b-instruct,20,2.5,0
qwen/qwen3-vl-8b-instruct,20,2.5,1
qwen/qwen3-vl-8b-instruct,20,2.5,0
qwen/qwen3-vl-8b-instruct,20,2.5,1
qwen/qwen3-vl-8b-instruct,20,2.5,1
qwen/qwen3-vl-8b-instruct,20,2.5,1
qwen/qwen3-vl-8b-instruct,20,2.5,1
qwen/qwen3-vl-8b-instruct,60,13.0,0
qwen/qwen3-vl-8b-instruct,60,13.0,0
qwen/qwen3-vl-8b-instruct,60,13.0,0
qwen/qwen3-vl-8b-instruct,99,990.0,0
qwen/qwen3-vl-8b-instruct,99,990.0,0
qwen/qwen3-vl-8b-instruct,99,990.0,0
qwen/qwen3-vl-8b-instruct,99,990.0,0
qwen/qwen3-vl-8b-instruct,99,990.0,0
qwen/qwen3-vl-8b-instruct,99,990.0,0
qwen/qwen3-vl-8b-instruct,99,990.0,0
qwen/qwen3-vl-8b-instruct,99,990.0,0
qwen/qwen3-vl-8b-instruct,99,990.0,0
qwen/qwen3-vl-8b-instruct,99,990.0,0
qwen/qwen3-vl-8b-instruct,99,990.0,1
qwen/qwen3-vl-8b-instruct,99,990.0,0
qwen/qwen3-vl-8b-instruct,99,990.0,0
qwen/qwen3-vl-8b-instruct,99,990.0,0
qwen/qwen3-vl-8b-instruct,99,990.0,0
qwen/qwen3-vl-8b-instruct,99,990.0,0
qwen/qwen3-vl-8b-instruct,99,990.0,0
qwen/qwen3-vl-8b-instruct,99,990.0,0
qwen/qwen3-vl-8b-instruct,99,990.0,1
qwen/qwen3-vl-8b-instruct,99,990.0,0
qwen/qwen3-vl-8b-instruct,99,990.0,0
qwen/qwen3-vl-8b-instruct,99,990.0,0
qwen/qwen3-vl-8b-instruct,99,990.0,0
qwen/qwen3-vl-8b-instruct,99,990.0,0
qwen/qwen3-vl-8b-instruct,99,990.0,0
qwen/qwen3-vl-8b-instruct,99,990.0,0
qwen/qwen3-vl-8b-instruct,99,990.0,0
qwen/qwen3-vl-8b-instruct,99,990.0,0
qwen/qwen3-vl-8b-instruct,99,990.0,0
qwen/qwen3-vl-8b-instruct,99,990.0,0
qwen/qwen3-vl-8b-instruct,99,990.0,0
qwen/qwen3-vl-8b-instruct,99,990.0,0
qwen/qwen3-vl-8b-instruct,99,990.0,0
qwen/qwen3-vl-8b-instruct,99,990.0,0
qwen/qwen3-vl-8b-instruct,99,990.0,0
qwen/qwen3-vl-8b-instruct,99,990.0,1
qwen/qwen3-vl-8b-instruct,99,990.0,0
qwen/qwen3-vl-8b-instruct,99,990.0,0
qwen/qwen3-vl-8b-instruct,99,990.0,0
qwen/qwen3-vl-8b-instruct,99,990.0,0
qwen/qwen3-vl-8b-instruct,99,990.0,0
qwen/qwen3-vl-8b-instruct,99,990.0,0
qwen/qwen3-vl-8b-instruct,99,990.0,0
qwen/qwen3-vl-8b-instruct,99,990.0,0
qwen/qwen3-vl-8b-instruct,99,990.0,0
qwen/qwen3-vl-8b-instruct,99,990.0,0
qwen/qwen3-vl-8b-instruct,99,990.0,0
qwen/qwen3-vl-8b-instruct,99,990.0,0
qwen/qwen3-vl-8b-instruct,99,990.0,0
qwen/qwen3-vl-8b-instruct,99,990.0,0
qwen/qwen3-vl-8b-instruct,99,990.0,0
qwen/qwen3-vl-8b-instruct,99,990.0,1
qwen/qwen3-vl-8b-instruct,99,990.0,0
qwen/qwen3-vl-8b-instruct,99,990.0,0
qwen/qwen3-vl-8b-instruct,99,990.0,0
qwen/qwen3-vl-8b-instruct,99,990.0,1
qwen/qwen3-vl-8b-instruct,99,990.0,0
qwen/qwen3-vl-8b-instruct,99,990.0,0
